,_id,deleted,endTime,exercise,initialStartTime,metric,removed,rpe,setID,setNumber,startTime,tags,userID,weight,workoutID
297,00a9a0bb-8d00-4083-91fd-02480411df00,0.0,,bench,2018-05-16T17:36:17.095Z,kgs,0.0,< 5.5,00a9a0bb-8d00-4083-91fd-02480411df00,18.0,,"['adam', '2 rpe']",5aa35456880e87b3f32ddf7c,42.5,21b51e5a-6a80-48d8-827b-b2309f4cd405
336,00c3807f-5eb3-4b25-acec-de27850a13a7,0.0,,squat,2018-05-10T22:14:36.197Z,kgs,0.0,< 5.5,00c3807f-5eb3-4b25-acec-de27850a13a7,1.0,,"['elisa', '5.5 rpe']",5aa35456880e87b3f32ddf7c,75,0ebb7ef9-06c9-4a3f-aee6-45c16d65e3f5
424,00fef681-4b84-4844-bfda-93c3a3bd66e2,0.0,,squat,2018-05-24T23:27:19.063Z,kgs,0.0,7.5,00fef681-4b84-4844-bfda-93c3a3bd66e2,8.0,,['matt'],5aa35456880e87b3f32ddf7c,177,7e166282-3e2e-4b31-b419-8f70734fc65e
619,016332c3-9fe0-4c21-a8b7-cfdd191db62f,0.0,,bench,2018-05-13T20:03:59.539Z,kgs,0.0,10,016332c3-9fe0-4c21-a8b7-cfdd191db62f,13.0,,['chase'],5aa35456880e87b3f32ddf7c,82,5fbdf0dd-adc7-4221-9ced-8514e5ee9d04
653,017567f4-b779-437d-a993-b7098573539f,0.0,,bench,2018-05-19T16:43:46.816Z,kgs,0.0,< 5.5,017567f4-b779-437d-a993-b7098573539f,44.0,,"['elisa', '5.5 rpe']",5aa35456880e87b3f32ddf7c,35,870ca10a-1f71-4cbf-a3f8-6ef0f0cc56c1
1352,03026db2-8f5c-4ce3-b7b8-94319be5d089,0.0,,bench,2018-05-15T00:12:13.850Z,kgs,0.0,6,03026db2-8f5c-4ce3-b7b8-94319be5d089,9.0,,['mimi'],5aa35456880e87b3f32ddf7c,37.5,8ece7813-09a3-4117-bcae-c1487e37dfb4
1357,03083495-6a1a-4263-a33a-15cd7f9a1496,1.0,,squat,2018-05-24T22:55:49.783Z,kgs,,,03083495-6a1a-4263-a33a-15cd7f9a1496,2.0,,['matt'],5aa35456880e87b3f32ddf7c,,500da55e-ed20-4dd5-bad2-5a12c01aa1a9
1543,0375f15d-149a-476a-92a2-e38d55c42421,0.0,,squat,2018-05-11T00:58:25.135Z,kgs,0.0,7,0375f15d-149a-476a-92a2-e38d55c42421,10.0,,['harr'],5aa35456880e87b3f32ddf7c,115,0731b594-a678-4294-9b68-9285f8a1f0a5
1590,038efb8b-917e-4fd6-af35-914a680a8f3b,0.0,,bench,2018-05-23T23:42:46.326Z,kgs,0.0,6,038efb8b-917e-4fd6-af35-914a680a8f3b,8.0,,['chase'],5aa35456880e87b3f32ddf7c,88,ea75c10c-b19e-4984-8b6f-66a0227d0674
1621,039fcf8b-310f-4e13-97af-1c0830d9524e,0.0,,bench,2018-05-11T01:48:33.347Z,kgs,0.0,< 5.5,039fcf8b-310f-4e13-97af-1c0830d9524e,15.0,,"['harr', '5 rpe']",5aa35456880e87b3f32ddf7c,62.5,0731b594-a678-4294-9b68-9285f8a1f0a5
1700,03ce6d6f-ca67-415d-806d-d2ebe2151dc3,0.0,,squat,2018-05-17T22:37:45.060Z,kgs,0.0,7,03ce6d6f-ca67-415d-806d-d2ebe2151dc3,7.0,,['elisa'],5aa35456880e87b3f32ddf7c,87.5,069415c7-5299-4dd3-a548-e201d5fa7c81
1937,045a2e3e-fb17-4c76-80d5-c539b8fa59c8,0.0,,squat,2018-05-24T23:26:15.842Z,kgs,0.0,7,045a2e3e-fb17-4c76-80d5-c539b8fa59c8,7.0,,['mimi '],5aa35456880e87b3f32ddf7c,80,7e166282-3e2e-4b31-b419-8f70734fc65e
2211,04f4106b-7c3b-4d9f-8b5d-e63490720150,0.0,,squat,2018-05-15T23:28:23.218Z,kgs,0.0,10,04f4106b-7c3b-4d9f-8b5d-e63490720150,24.0,,['chase'],5aa35456880e87b3f32ddf7c,170,c1d046a3-bf4e-4ba8-a43a-2568a3b21620
2381,05595a81-4f30-4cc8-b87c-c6cadc579a67,0.0,,bench,2018-05-16T17:45:51.412Z,kgs,0.0,< 5.5,05595a81-4f30-4cc8-b87c-c6cadc579a67,22.0,,"['adam', '5.5 rpe']",5aa35456880e87b3f32ddf7c,57.5,21b51e5a-6a80-48d8-827b-b2309f4cd405
2563,05c91a0d-b4dd-40f0-ab16-6e64fa16fb49,0.0,,bench,2018-05-23T01:05:02.584Z,kgs,0.0,6,05c91a0d-b4dd-40f0-ab16-6e64fa16fb49,23.0,,['mimi'],5aa35456880e87b3f32ddf7c,37.5,0e6dd975-b54d-4e4d-ab2f-d240105f4697
2839,065848ea-0f54-4d07-b3c5-c20b4b8f2989,0.0,,sumo deadlift,2018-05-10T23:38:01.547Z,kgs,0.0,8,065848ea-0f54-4d07-b3c5-c20b4b8f2989,2.0,,[],58ace5bd6ca711fcd8cb7b39,252.5,5d679e1d-e559-4d1a-89b0-c227b76e69a6
3024,06ba3fd9-5195-45b5-812c-bfdebf26c702,0.0,,bench,2018-05-13T19:30:51.401Z,kgs,0.0,< 5.5,06ba3fd9-5195-45b5-812c-bfdebf26c702,8.0,,"['chase', '4 rpe']",5aa35456880e87b3f32ddf7c,60,5fbdf0dd-adc7-4221-9ced-8514e5ee9d04
3050,06cae9ee-fa30-4317-ad13-333583819e9b,0.0,,squat,2018-05-19T14:22:54.740Z,kgs,0.0,7.5,06cae9ee-fa30-4317-ad13-333583819e9b,3.0,,['harr'],5aa35456880e87b3f32ddf7c,105,870ca10a-1f71-4cbf-a3f8-6ef0f0cc56c1
3684,082c9838-ae1e-4a33-ad4a-eefd8c43b371,0.0,,bench,2018-05-23T23:22:22.577Z,kgs,0.0,< 5.5,082c9838-ae1e-4a33-ad4a-eefd8c43b371,6.0,,"['chase', '5 rpe']",5aa35456880e87b3f32ddf7c,80,ea75c10c-b19e-4984-8b6f-66a0227d0674
3715,083ca475-45ea-4f12-a7f7-fe829d6a9295,0.0,,squat,2018-05-24T23:14:38.918Z,kgs,0.0,6.5,083ca475-45ea-4f12-a7f7-fe829d6a9295,6.0,,['matt'],5aa35456880e87b3f32ddf7c,171,7e166282-3e2e-4b31-b419-8f70734fc65e
4261,09475a5c-06da-4224-bb41-a9329e5c100e,0.0,,squat,2018-05-19T16:20:08.748Z,kgs,0.0,10,09475a5c-06da-4224-bb41-a9329e5c100e,38.0,,['elisa'],5aa35456880e87b3f32ddf7c,96,870ca10a-1f71-4cbf-a3f8-6ef0f0cc56c1
4898,0aae0965-872c-4123-b982-7284951d1aa6,0.0,,bench,2018-05-16T01:44:22.407Z,kgs,0.0,8,0aae0965-872c-4123-b982-7284951d1aa6,49.0,,['harr'],5aa35456880e87b3f32ddf7c,62.5,c1d046a3-bf4e-4ba8-a43a-2568a3b21620
5057,0b026a2c-e069-462a-b5c0-21483eeea410,0.0,,squat,2018-05-22T23:30:44.165Z,kgs,0.0,9.5,0b026a2c-e069-462a-b5c0-21483eeea410,6.0,,['matt'],5aa35456880e87b3f32ddf7c,157.5,0e6dd975-b54d-4e4d-ab2f-d240105f4697
5290,0b816c2e-8862-446e-9a6e-2fda9147e0ae,0.0,,bench,2018-05-25T00:32:03.588Z,kgs,0.0,7,0b816c2e-8862-446e-9a6e-2fda9147e0ae,18.0,,['matt'],5aa35456880e87b3f32ddf7c,120,7e166282-3e2e-4b31-b419-8f70734fc65e
5308,0b8ac244-506f-4a76-b590-313dc8fcad71,0.0,,bench,2018-05-16T01:51:10.152Z,kgs,0.0,8.5,0b8ac244-506f-4a76-b590-313dc8fcad71,50.0,,['harr'],5aa35456880e87b3f32ddf7c,65,c1d046a3-bf4e-4ba8-a43a-2568a3b21620
5356,0bae2b3a-07c0-4d4f-ae11-1f123c3234c7,0.0,,bench,2018-05-15T00:53:07.391Z,kgs,0.0,10,0bae2b3a-07c0-4d4f-ae11-1f123c3234c7,14.0,,"['fail', 'mimi']",5aa35456880e87b3f32ddf7c,50,8ece7813-09a3-4117-bcae-c1487e37dfb4
5561,0c33a481-e1cb-44b6-ba64-adbcddc58a13,0.0,,squat,2018-05-18T01:52:34.935Z,kgs,0.0,9,0c33a481-e1cb-44b6-ba64-adbcddc58a13,44.0,,['harr'],5aa35456880e87b3f32ddf7c,80,069415c7-5299-4dd3-a548-e201d5fa7c81
5701,0c7e917f-1cdf-451e-9c5d-fb9e3e3b77bc,0.0,,squat,2018-05-08T22:14:22.587Z,kgs,0.0,< 5.5,0c7e917f-1cdf-451e-9c5d-fb9e3e3b77bc,3.0,,"['elisa', 'less than 5 rpe']",58ace5bd6ca711fcd8cb7b39,50,dc7cace1-274d-487c-ba35-7bc957b7097b
5863,0cda0ef6-9698-47df-ab27-98a26e37572f,0.0,,bench,2018-05-15T23:50:08.277Z,kgs,0.0,< 5.5,0cda0ef6-9698-47df-ab27-98a26e37572f,29.0,,"['matt', '5 rpe']",5aa35456880e87b3f32ddf7c,85,c1d046a3-bf4e-4ba8-a43a-2568a3b21620
6016,0d2ba5fa-bf5a-4ecb-b03a-606562f94ff8,0.0,,bench,2018-05-16T17:49:15.934Z,kgs,0.0,6.5,0d2ba5fa-bf5a-4ecb-b03a-606562f94ff8,23.0,,['mimi '],5aa35456880e87b3f32ddf7c,37.5,21b51e5a-6a80-48d8-827b-b2309f4cd405
6136,0d68b703-c515-44bd-9916-fcc1cf5da11f,0.0,,squat,2018-05-13T18:34:37.876Z,kgs,0.0,6.5,0d68b703-c515-44bd-9916-fcc1cf5da11f,3.0,,['chase'],5aa35456880e87b3f32ddf7c,112.5,5fbdf0dd-adc7-4221-9ced-8514e5ee9d04
6418,0e07c0cd-78ac-4616-a6a1-d6d16cfe9b98,0.0,,bench,2018-05-08T23:06:00.754Z,kgs,,,0e07c0cd-78ac-4616-a6a1-d6d16cfe9b98,14.0,,[],58ace5bd6ca711fcd8cb7b39,,dc7cace1-274d-487c-ba35-7bc957b7097b
6629,0e7c19c3-dc9c-4130-8e03-2a08044f396c,0.0,,squat,2018-05-12T12:39:40.677Z,kgs,0.0,7.5,0e7c19c3-dc9c-4130-8e03-2a08044f396c,4.0,,['harr'],5aa35456880e87b3f32ddf7c,110,ac1ca1f7-552e-4350-a77d-9ee0287d5aa2
6777,0ecc2fb4-535c-4387-8b81-dccabb2b76ac,0.0,,squat,2018-05-12T16:33:23.293Z,kgs,0.0,9,0ecc2fb4-535c-4387-8b81-dccabb2b76ac,15.0,,['elisa'],5aa35456880e87b3f32ddf7c,87.5,bafb2bf6-d950-4ac8-a254-42f60e9eebe4
7151,0f9b6637-8cd8-4924-b58e-db673742c86f,0.0,,bench,2018-05-19T16:32:05.383Z,kgs,0.0,< 5.5,0f9b6637-8cd8-4924-b58e-db673742c86f,41.0,,"['elisa', '5 rpe']",5aa35456880e87b3f32ddf7c,30,870ca10a-1f71-4cbf-a3f8-6ef0f0cc56c1
7466,105e2cb9-a75d-4e0e-9928-b86b8f7ae084,0.0,,bench,2018-05-23T01:02:56.418Z,kgs,0.0,< 5.5,105e2cb9-a75d-4e0e-9928-b86b8f7ae084,22.0,,"['mimi', '5 rpe']",5aa35456880e87b3f32ddf7c,35,0e6dd975-b54d-4e4d-ab2f-d240105f4697
7798,110a5475-fbc3-4fc9-9687-315c3ce8d20c,0.0,,bench,2018-05-22T23:53:55.199Z,kgs,0.0,< 5.5,110a5475-fbc3-4fc9-9687-315c3ce8d20c,7.0,,"['matt', '5 rpe']",5aa35456880e87b3f32ddf7c,75,0e6dd975-b54d-4e4d-ab2f-d240105f4697
7885,1140e21b-cc2c-47d8-831b-55c600ba0784,0.0,,squat,2018-05-16T16:12:13.385Z,kgs,0.0,< 5.5,1140e21b-cc2c-47d8-831b-55c600ba0784,4.0,,"['mimi', '5 rpe']",5aa35456880e87b3f32ddf7c,60,21b51e5a-6a80-48d8-827b-b2309f4cd405
8029,11949775-a719-42cd-b6c4-9f518962a14f,0.0,,bench,2018-05-17T23:46:43.674Z,lbs,0.0,6,11949775-a719-42cd-b6c4-9f518962a14f,25.0,,['matt'],5aa35456880e87b3f32ddf7c,260,069415c7-5299-4dd3-a548-e201d5fa7c81
8330,123c772f-c1f2-475b-afeb-5ae34eeb3de6,0.0,,bench,2018-05-16T00:13:27.130Z,kgs,0.0,8.5,123c772f-c1f2-475b-afeb-5ae34eeb3de6,38.0,,['matt'],5aa35456880e87b3f32ddf7c,105,c1d046a3-bf4e-4ba8-a43a-2568a3b21620
9825,155cc10a-821c-4002-a331-2dc69325fca0,0.0,,squat,2018-05-16T01:26:33.598Z,kgs,0.0,6,155cc10a-821c-4002-a331-2dc69325fca0,1.0,,['bug'],58ace5bd6ca711fcd8cb7b39,175,bbad5df7-259c-4f9b-9cdc-c824d1418889
9917,15921f5d-f603-431f-a873-22b7551076aa,0.0,,bench,2018-05-25T00:44:43.022Z,kgs,0.0,6,15921f5d-f603-431f-a873-22b7551076aa,20.0,,['mimi '],5aa35456880e87b3f32ddf7c,37.5,7e166282-3e2e-4b31-b419-8f70734fc65e
9986,15b24336-e60d-437e-8777-23544a054d8a,0.0,,squat,2018-05-11T00:17:10.246Z,kgs,0.0,< 5.5,15b24336-e60d-437e-8777-23544a054d8a,2.0,,"['harr', '3 rpe']",5aa35456880e87b3f32ddf7c,75,0731b594-a678-4294-9b68-9285f8a1f0a5
10866,17a3a15e-456f-43ec-89bc-4f2bc8c050dd,0.0,,squat,2018-05-15T23:08:05.075Z,kgs,0.0,9.5,17a3a15e-456f-43ec-89bc-4f2bc8c050dd,20.0,,['elisa'],5aa35456880e87b3f32ddf7c,78,c1d046a3-bf4e-4ba8-a43a-2568a3b21620
11284,189a3545-333d-4902-9e45-cbaf31ac9cd2,0.0,,squat,2018-05-21T22:59:32.563Z,kgs,0.0,7.5,189a3545-333d-4902-9e45-cbaf31ac9cd2,4.0,,['chase'],5aa35456880e87b3f32ddf7c,132.5,1ba53e08-ded3-468b-8916-ba110f3ccb76
11288,189aaf39-2f53-4939-b6a3-9ef42b17223e,0.0,,bench,2018-05-10T22:48:28.166Z,kgs,0.0,< 5.5,189aaf39-2f53-4939-b6a3-9ef42b17223e,6.0,,"['elisa', '5.5 rpe']",5aa35456880e87b3f32ddf7c,40,0ebb7ef9-06c9-4a3f-aee6-45c16d65e3f5
11317,18ac9e47-9866-4eec-8aed-089d8b84f4e7,0.0,,bench,2018-05-16T17:42:58.910Z,kgs,0.0,< 5.5,18ac9e47-9866-4eec-8aed-089d8b84f4e7,21.0,,"['mimi', '5.5 rpe']",5aa35456880e87b3f32ddf7c,35,21b51e5a-6a80-48d8-827b-b2309f4cd405
11636,19626818-3f33-49d8-b6fa-3ac4021156cd,0.0,,bench,2018-05-26T18:55:17.048Z,kgs,0.0,< 5.5,19626818-3f33-49d8-b6fa-3ac4021156cd,4.0,,"['chase', 'rpe 5']",5aa35456880e87b3f32ddf7c,75,a652b098-c05c-4b3f-bb8e-ad5042879f73
11637,196304e0-abff-4df4-aa30-25233e3f0815,0.0,,squat,2018-05-12T16:20:26.639Z,kgs,0.0,8.5,196304e0-abff-4df4-aa30-25233e3f0815,12.0,,['elisa'],5aa35456880e87b3f32ddf7c,83,bafb2bf6-d950-4ac8-a254-42f60e9eebe4
12223,1ab4835f-e1ab-48ca-b153-9e6fb90e5f94,0.0,,squat,2018-05-16T16:19:12.541Z,kgs,0.0,6.5,1ab4835f-e1ab-48ca-b153-9e6fb90e5f94,5.0,,['adam'],5aa35456880e87b3f32ddf7c,77.5,21b51e5a-6a80-48d8-827b-b2309f4cd405
12349,1af4e967-3198-4fe3-a80e-196db6dd4d92,0.0,,bench,2018-05-18T19:23:53.580Z,kgs,0.0,8,1af4e967-3198-4fe3-a80e-196db6dd4d92,11.0,,['adam'],5aa35456880e87b3f32ddf7c,82.5,f9beacc0-676b-49f5-8f0b-e5b397918574
12465,1b3e659a-d255-4c23-964d-8a72c9990478,0.0,,squat,2018-05-19T15:08:21.427Z,kgs,0.0,7.5,1b3e659a-d255-4c23-964d-8a72c9990478,10.0,,['matt'],5aa35456880e87b3f32ddf7c,162.5,870ca10a-1f71-4cbf-a3f8-6ef0f0cc56c1
12863,1c193f1a-ee18-4473-b9d7-20a9631616ae,0.0,,squat,2018-05-10T22:22:31.634Z,kgs,0.0,8,1c193f1a-ee18-4473-b9d7-20a9631616ae,3.0,,['elisa'],5aa35456880e87b3f32ddf7c,90,0ebb7ef9-06c9-4a3f-aee6-45c16d65e3f5
13179,1cca8de4-d242-4c02-9cb6-662a006f333d,0.0,,squat,2018-05-15T22:42:11.113Z,kgs,0.0,6.5,1cca8de4-d242-4c02-9cb6-662a006f333d,12.0,,['elisa'],5aa35456880e87b3f32ddf7c,68,c1d046a3-bf4e-4ba8-a43a-2568a3b21620
13313,1d0a0d02-7fe4-4b81-973b-448f4023ea4c,0.0,,squat,2018-05-24T23:05:16.458Z,kgs,0.0,6,1d0a0d02-7fe4-4b81-973b-448f4023ea4c,3.0,,['mimi '],5aa35456880e87b3f32ddf7c,70,7e166282-3e2e-4b31-b419-8f70734fc65e
13445,1d5cc17c-9c82-4219-9494-96ab194fc542,0.0,,squat,2018-05-24T23:08:15.113Z,kgs,0.0,6,1d5cc17c-9c82-4219-9494-96ab194fc542,4.0,,['matt'],5aa35456880e87b3f32ddf7c,165,7e166282-3e2e-4b31-b419-8f70734fc65e
13934,1e707d2f-e94c-4f04-acdf-3bc5172cf54c,0.0,,bench,2018-05-19T15:10:55.060Z,kgs,0.0,6,1e707d2f-e94c-4f04-acdf-3bc5172cf54c,11.0,,['harr'],5aa35456880e87b3f32ddf7c,62.5,870ca10a-1f71-4cbf-a3f8-6ef0f0cc56c1
14473,1f9416e2-4ef2-413b-839c-71485cec3935,0.0,,squat,2018-05-18T17:49:32.235Z,kgs,0.0,6,1f9416e2-4ef2-413b-839c-71485cec3935,3.0,,['adam'],5aa35456880e87b3f32ddf7c,105,f9beacc0-676b-49f5-8f0b-e5b397918574
14617,1feeedab-1104-42fa-bb1d-8c1e089a2ab2,0.0,,bench,2018-05-15T23:33:40.025Z,kgs,0.0,< 5.5,1feeedab-1104-42fa-bb1d-8c1e089a2ab2,25.0,,"['elisa', '5 rpe']",5aa35456880e87b3f32ddf7c,32.5,c1d046a3-bf4e-4ba8-a43a-2568a3b21620
15145,21258abc-941b-4e9b-a46d-15717e0b7328,0.0,,bench,2018-05-23T00:32:03.017Z,kgs,0.0,7.5,21258abc-941b-4e9b-a46d-15717e0b7328,17.0,,['matt'],5aa35456880e87b3f32ddf7c,105,0e6dd975-b54d-4e4d-ab2f-d240105f4697
15176,213799a5-3daf-4154-a811-22221e994b33,0.0,,bench,2018-05-16T17:33:50.985Z,lbs,0.0,< 5.5,213799a5-3daf-4154-a811-22221e994b33,17.0,,['mimi '],5aa35456880e87b3f32ddf7c,30,21b51e5a-6a80-48d8-827b-b2309f4cd405
15389,21a88d2e-5ab0-4997-b142-6a7ab1589491,0.0,,bench,2018-05-16T17:56:00.499Z,kgs,0.0,10,21a88d2e-5ab0-4997-b142-6a7ab1589491,26.0,,"['mimi ', 'fail', 'technique ']",5aa35456880e87b3f32ddf7c,42.5,21b51e5a-6a80-48d8-827b-b2309f4cd405
15590,2221f5ce-b121-483d-95b2-5e7c20a36189,1.0,,,2018-05-10T00:45:56.464Z,kgs,0.0,,2221f5ce-b121-483d-95b2-5e7c20a36189,5.0,,[],58ace5bd6ca711fcd8cb7b39,,1b9a1147-0192-4db3-ae90-e15fc0cdafbe
16382,23e0251c-11e0-4d7e-b78f-d94d65deef21,0.0,,squat,2018-05-19T15:31:52.848Z,kgs,0.0,9.5,23e0251c-11e0-4d7e-b78f-d94d65deef21,20.0,,['matt'],5aa35456880e87b3f32ddf7c,172.5,870ca10a-1f71-4cbf-a3f8-6ef0f0cc56c1
16385,23e1d710-abe0-43dd-a28d-50bab1f8d721,0.0,,,2018-05-08T22:25:16.361Z,kgs,1.0,,23e1d710-abe0-43dd-a28d-50bab1f8d721,6.0,,[],58ace5bd6ca711fcd8cb7b39,,dc7cace1-274d-487c-ba35-7bc957b7097b
17077,25631c5f-12e7-4bcf-97e7-4e00f68401a7,0.0,,squat,2018-05-24T23:48:37.452Z,kgs,0.0,8,25631c5f-12e7-4bcf-97e7-4e00f68401a7,11.0,,['mimi'],5aa35456880e87b3f32ddf7c,90,7e166282-3e2e-4b31-b419-8f70734fc65e
17172,259837be-e5ea-45ab-bdd1-2f03ed7d83e1,0.0,,bench,2018-05-21T23:26:33.473Z,kgs,0.0,< 5.5,259837be-e5ea-45ab-bdd1-2f03ed7d83e1,6.0,,"['rpe5', 'chase']",5aa35456880e87b3f32ddf7c,70,1ba53e08-ded3-468b-8916-ba110f3ccb76
17989,276a14fb-f982-45fe-9774-fff07b962472,0.0,,squat,2018-05-26T17:29:01.443Z,kgs,0.0,10,276a14fb-f982-45fe-9774-fff07b962472,10.0,,['matt'],5aa35456880e87b3f32ddf7c,120,c4febac1-c026-4828-950a-d5c377810f42
18069,2793fce2-40b2-4b9a-ad86-825cda67f7df,0.0,,bench,2018-05-12T16:15:43.057Z,kgs,0.0,6.5,2793fce2-40b2-4b9a-ad86-825cda67f7df,11.0,,['mimi'],5aa35456880e87b3f32ddf7c,32.5,bafb2bf6-d950-4ac8-a254-42f60e9eebe4
18789,290d36d1-07a8-430e-82ec-67ccc28e93bf,0.0,,bench,2018-05-09T01:25:28.153Z,kgs,0.0,< 5.5,290d36d1-07a8-430e-82ec-67ccc28e93bf,8.0,,"['harr', '4 rpe']",5aa35456880e87b3f32ddf7c,45,b7248c31-b8e1-4d51-9201-536ac8536e73
19040,2990822d-b1d5-4ac9-b74e-446e3eeb420a,0.0,,bench,2018-05-19T15:07:17.264Z,kgs,0.0,< 5.5,2990822d-b1d5-4ac9-b74e-446e3eeb420a,9.0,,"['harr', '5.5 rpe']",5aa35456880e87b3f32ddf7c,60,870ca10a-1f71-4cbf-a3f8-6ef0f0cc56c1
19050,2995b4e7-4675-43ec-9a44-f2990041e7f8,0.0,,squat,2018-05-26T16:02:44.202Z,kgs,0.0,8,2995b4e7-4675-43ec-9a44-f2990041e7f8,3.0,,['matt'],5aa35456880e87b3f32ddf7c,165,c4febac1-c026-4828-950a-d5c377810f42
19291,2a10ce98-7a35-4723-97f1-ea333f5329d0,0.0,,squat,2018-05-23T00:17:27.293Z,kgs,0.0,6.5,2a10ce98-7a35-4723-97f1-ea333f5329d0,12.0,,['mimi'],5aa35456880e87b3f32ddf7c,77.5,0e6dd975-b54d-4e4d-ab2f-d240105f4697
20086,2be06a50-9205-4906-b365-bda04d061e61,0.0,,bench,2018-05-16T01:37:42.153Z,kgs,0.0,7,2be06a50-9205-4906-b365-bda04d061e61,48.0,,['harr'],5aa35456880e87b3f32ddf7c,60,c1d046a3-bf4e-4ba8-a43a-2568a3b21620
20111,2bf03811-f4a1-4f96-9e00-499a5b6cb537,0.0,,bench,2018-05-10T23:04:06.567Z,kgs,0.0,6.5,2bf03811-f4a1-4f96-9e00-499a5b6cb537,7.0,,['elisa'],5aa35456880e87b3f32ddf7c,42,0ebb7ef9-06c9-4a3f-aee6-45c16d65e3f5
21069,2dfa738f-a87a-4a3f-9cbc-f2972449e7ad,0.0,,squat,2018-05-13T19:02:04.567Z,kgs,0.0,9,2dfa738f-a87a-4a3f-9cbc-f2972449e7ad,6.0,,['chase'],5aa35456880e87b3f32ddf7c,135,5fbdf0dd-adc7-4221-9ced-8514e5ee9d04
21146,2e294a00-5fb0-4341-a7d8-932be7e290bb,0.0,,squat,2018-05-16T16:23:48.960Z,kgs,0.0,7.5,2e294a00-5fb0-4341-a7d8-932be7e290bb,7.0,,['adam'],5aa35456880e87b3f32ddf7c,82.5,21b51e5a-6a80-48d8-827b-b2309f4cd405
21332,2e89e2d8-0589-476a-a684-3bfe5d6c5316,0.0,,squat,2018-05-15T23:04:49.633Z,kgs,0.0,,2e89e2d8-0589-476a-a684-3bfe5d6c5316,19.0,,['matt'],5aa35456880e87b3f32ddf7c,152,c1d046a3-bf4e-4ba8-a43a-2568a3b21620
22799,31a9838a-b24e-4c77-b142-a3547fe57d47,0.0,,bench,2018-05-16T01:34:53.522Z,kgs,0.0,6,31a9838a-b24e-4c77-b142-a3547fe57d47,47.0,,['harr'],5aa35456880e87b3f32ddf7c,57.5,c1d046a3-bf4e-4ba8-a43a-2568a3b21620
22991,321199f1-2ab2-435f-9630-bd12467b10c7,0.0,,bench,2018-05-25T00:57:25.651Z,kgs,0.0,7.5,321199f1-2ab2-435f-9630-bd12467b10c7,24.0,,['mimi'],5aa35456880e87b3f32ddf7c,42.5,7e166282-3e2e-4b31-b419-8f70734fc65e
23148,3277a602-73c4-4674-a438-8008590f466b,0.0,,bench,2018-05-18T01:41:07.169Z,kgs,0.0,8,3277a602-73c4-4674-a438-8008590f466b,42.0,,['harr'],5aa35456880e87b3f32ddf7c,75,069415c7-5299-4dd3-a548-e201d5fa7c81
23178,328a85bb-77e8-4325-9e6b-5a90e7e59bad,0.0,,squat,2018-05-17T23:02:12.271Z,kgs,1.0,10,328a85bb-77e8-4325-9e6b-5a90e7e59bad,14.0,,"['elisa', 'failed']",5aa35456880e87b3f32ddf7c,100,069415c7-5299-4dd3-a548-e201d5fa7c81
23748,33c4f7c8-bc9a-4400-96e1-9e216f3c4685,0.0,,squat,2018-05-16T00:37:41.516Z,kgs,0.0,7,33c4f7c8-bc9a-4400-96e1-9e216f3c4685,42.0,,['harr'],5aa35456880e87b3f32ddf7c,100,c1d046a3-bf4e-4ba8-a43a-2568a3b21620
23823,33e56a4f-0b96-4af6-a2af-3f0089b0ab07,0.0,,squat,2018-05-17T22:39:15.222Z,kgs,0.0,< 5.5,33e56a4f-0b96-4af6-a2af-3f0089b0ab07,8.0,,"['matt', '5.5 rpe']",5aa35456880e87b3f32ddf7c,165,069415c7-5299-4dd3-a548-e201d5fa7c81
25004,366c3bef-6e83-464d-a1e6-dd83a9dc1d7c,0.0,,bench,2018-05-16T18:14:07.620Z,kgs,0.0,10,366c3bef-6e83-464d-a1e6-dd83a9dc1d7c,31.0,,"['adam', 'fail']",5aa35456880e87b3f32ddf7c,77.5,21b51e5a-6a80-48d8-827b-b2309f4cd405
25240,36fc01f9-2e6e-491c-bbcf-91fe02abddca,0.0,,bench,2018-05-12T13:33:25.834Z,kgs,0.0,6.5,36fc01f9-2e6e-491c-bbcf-91fe02abddca,9.0,,['harr'],5aa35456880e87b3f32ddf7c,60,ac1ca1f7-552e-4350-a77d-9ee0287d5aa2
25316,372bc067-a123-4e0c-ba8b-2eb340cebab7,0.0,,bench,2018-05-09T01:32:40.793Z,kgs,0.0,< 5.5,372bc067-a123-4e0c-ba8b-2eb340cebab7,10.0,,"['harr', '5.5 rpe']",5aa35456880e87b3f32ddf7c,55,b7248c31-b8e1-4d51-9201-536ac8536e73
25355,373d769b-c7ea-4a82-9a3a-1a54a8ffb175,0.0,,bench,2018-05-25T00:51:34.240Z,kgs,0.0,6.5,373d769b-c7ea-4a82-9a3a-1a54a8ffb175,22.0,,['mimi '],5aa35456880e87b3f32ddf7c,40,7e166282-3e2e-4b31-b419-8f70734fc65e
25568,37ba231d-55e0-45e4-bd34-e57316f30d2b,0.0,,bench,2018-05-17T23:19:05.213Z,kgs,0.0,< 5.5,37ba231d-55e0-45e4-bd34-e57316f30d2b,16.0,,"['chase', '5 rpe']",5aa35456880e87b3f32ddf7c,75,069415c7-5299-4dd3-a548-e201d5fa7c81
26001,38b9f2be-1375-4674-8316-5011f076ed24,0.0,,squat,2018-05-24T23:37:59.264Z,kgs,0.0,9.5,38b9f2be-1375-4674-8316-5011f076ed24,10.0,,['matt'],5aa35456880e87b3f32ddf7c,182.5,7e166282-3e2e-4b31-b419-8f70734fc65e
26074,38def1dd-7017-457d-85e1-0f7be372f846,0.0,,squat,2018-05-16T00:43:46.975Z,kgs,0.0,8,38def1dd-7017-457d-85e1-0f7be372f846,43.0,,['harr'],5aa35456880e87b3f32ddf7c,105,c1d046a3-bf4e-4ba8-a43a-2568a3b21620
26101,38eae3d0-ed6e-4ae6-a6ce-6a09f73f6cb8,0.0,,bench,2018-05-25T00:38:36.651Z,kgs,0.0,6,38eae3d0-ed6e-4ae6-a6ce-6a09f73f6cb8,19.0,,['mimi'],5aa35456880e87b3f32ddf7c,35,7e166282-3e2e-4b31-b419-8f70734fc65e
26696,3a29d229-285a-4152-87fe-7c51ee6b7494,0.0,,bench,2018-05-16T17:38:31.142Z,kgs,0.0,< 5.5,3a29d229-285a-4152-87fe-7c51ee6b7494,19.0,,"['mimi ', '5 rpe']",5aa35456880e87b3f32ddf7c,32.5,21b51e5a-6a80-48d8-827b-b2309f4cd405
27109,3b003881-2dc3-448c-b2f2-66ac346b91e9,0.0,,bench,2018-05-19T16:59:54.176Z,kgs,0.0,7.5,3b003881-2dc3-448c-b2f2-66ac346b91e9,48.0,,['elisa'],5aa35456880e87b3f32ddf7c,42.5,870ca10a-1f71-4cbf-a3f8-6ef0f0cc56c1
27395,3b9dbfa5-d505-4449-9033-f0438095a484,0.0,,squat,2018-05-18T17:59:15.129Z,kgs,0.0,7,3b9dbfa5-d505-4449-9033-f0438095a484,4.0,,['adam'],5aa35456880e87b3f32ddf7c,110,f9beacc0-676b-49f5-8f0b-e5b397918574
27609,3c181534-92ae-412c-be95-24194f5ee5e0,0.0,,squat,2018-05-10T22:37:09.944Z,kgs,0.0,10,3c181534-92ae-412c-be95-24194f5ee5e0,5.0,,['elisa'],5aa35456880e87b3f32ddf7c,105,0ebb7ef9-06c9-4a3f-aee6-45c16d65e3f5
27624,3c203078-9f3d-4559-935c-edcf4e2f8fbe,0.0,,squat,2018-05-10T00:16:41.766Z,kgs,0.0,< 5.5,3c203078-9f3d-4559-935c-edcf4e2f8fbe,1.0,,[],58ace5bd6ca711fcd8cb7b39,140,1b9a1147-0192-4db3-ae90-e15fc0cdafbe
27976,3ce492ee-d6aa-47e5-9493-0394925a452b,0.0,,bench,2018-05-23T23:58:59.217Z,kgs,0.0,10,3ce492ee-d6aa-47e5-9493-0394925a452b,11.0,,"['chase', 'second rep was split in two']",5aa35456880e87b3f32ddf7c,100,ea75c10c-b19e-4984-8b6f-66a0227d0674
28071,3d19f97a-e064-4769-ade6-661031646719,0.0,,bench,2018-05-17T23:28:19.453Z,kgs,0.0,6.5,3d19f97a-e064-4769-ade6-661031646719,19.0,,['elisa'],5aa35456880e87b3f32ddf7c,42.5,069415c7-5299-4dd3-a548-e201d5fa7c81
28089,3d21570e-27ea-47ce-bebc-08e2e61625f5,0.0,,bench,2018-05-13T19:17:30.738Z,kgs,0.0,< 5.5,3d21570e-27ea-47ce-bebc-08e2e61625f5,7.0,,"['chase', '2 rpe']",5aa35456880e87b3f32ddf7c,52,5fbdf0dd-adc7-4221-9ced-8514e5ee9d04
28327,3da3166d-226d-4142-84c1-6bbb4022bb89,0.0,,squat,2018-05-12T16:43:13.055Z,kgs,0.0,9,3da3166d-226d-4142-84c1-6bbb4022bb89,17.0,,['elisa'],5aa35456880e87b3f32ddf7c,92,bafb2bf6-d950-4ac8-a254-42f60e9eebe4
29490,40331e2a-9fc3-49e1-993e-d353ccefdf22,1.0,,,2018-05-08T22:09:50.371Z,kgs,0.0,,40331e2a-9fc3-49e1-993e-d353ccefdf22,1.0,,[],58ace5bd6ca711fcd8cb7b39,,dc7cace1-274d-487c-ba35-7bc957b7097b
29793,40db2b42-e560-4ade-9cd5-da3f56fecaf0,0.0,,squat,2018-05-17T23:00:09.524Z,kgs,0.0,7,40db2b42-e560-4ade-9cd5-da3f56fecaf0,13.0,,['matt'],5aa35456880e87b3f32ddf7c,175,069415c7-5299-4dd3-a548-e201d5fa7c81
29842,40f71abc-3136-42a1-b78f-8083e1b320b9,0.0,,squat,2018-05-18T00:25:53.445Z,kgs,0.0,< 5.5,40f71abc-3136-42a1-b78f-8083e1b320b9,30.0,,"['harr', '5 rpe']",5aa35456880e87b3f32ddf7c,100,069415c7-5299-4dd3-a548-e201d5fa7c81
30108,4197d38e-9076-4148-a20e-85989071cfb8,0.0,,bench,2018-05-09T01:37:47.019Z,kgs,0.0,< 5.5,4197d38e-9076-4148-a20e-85989071cfb8,11.0,,"['harr', '5.5 rpe']",5aa35456880e87b3f32ddf7c,60,b7248c31-b8e1-4d51-9201-536ac8536e73
30209,41dcadf6-3419-4364-ac6b-908ea9725e7f,0.0,,bench,2018-05-11T01:54:18.090Z,kgs,0.0,6,41dcadf6-3419-4364-ac6b-908ea9725e7f,17.0,,['harr'],5aa35456880e87b3f32ddf7c,67.5,0731b594-a678-4294-9b68-9285f8a1f0a5
30651,42f6d1a2-c458-4c91-99b1-b3d1e8e0285f,0.0,,squat,2018-05-23T00:30:21.296Z,kgs,0.0,8,42f6d1a2-c458-4c91-99b1-b3d1e8e0285f,16.0,,['mimi'],5aa35456880e87b3f32ddf7c,87.5,0e6dd975-b54d-4e4d-ab2f-d240105f4697
31185,440914d6-9bab-4aba-a042-af88c47943fc,0.0,,squat,2018-05-21T22:48:19.454Z,kgs,0.0,6.5,440914d6-9bab-4aba-a042-af88c47943fc,3.0,,['chase'],5aa35456880e87b3f32ddf7c,125,1ba53e08-ded3-468b-8916-ba110f3ccb76
31398,448c4034-a991-4df1-8e2c-50db7e66b3d5,0.0,,squat,2018-05-12T15:51:07.792Z,kgs,0.0,< 5.5,448c4034-a991-4df1-8e2c-50db7e66b3d5,6.0,,"['elisa', '5.5 rpe']",5aa35456880e87b3f32ddf7c,69.5,bafb2bf6-d950-4ac8-a254-42f60e9eebe4
31871,4585adc6-eb77-4941-bbd2-a9df5826fda3,0.0,,squat,2018-05-16T16:31:25.049Z,kgs,0.0,6,4585adc6-eb77-4941-bbd2-a9df5826fda3,8.0,,['mimi'],5aa35456880e87b3f32ddf7c,70,21b51e5a-6a80-48d8-827b-b2309f4cd405
31983,45be657b-b39c-408b-9dcf-1caf999fc0ad,0.0,,bench,2018-05-15T23:39:27.869Z,kgs,0.0,< 5.5,45be657b-b39c-408b-9dcf-1caf999fc0ad,26.0,,"['elisa', '5.5 rpe']",5aa35456880e87b3f32ddf7c,34.5,c1d046a3-bf4e-4ba8-a43a-2568a3b21620
32293,46691185-1537-4ef3-a25a-13b54f169827,0.0,,bench,2018-05-16T17:59:49.080Z,kgs,0.0,8.5,46691185-1537-4ef3-a25a-13b54f169827,27.0,,['adam'],5aa35456880e87b3f32ddf7c,67.5,21b51e5a-6a80-48d8-827b-b2309f4cd405
32305,46729171-c5d6-497e-8bd5-b2f06fcc1610,0.0,,bench,2018-05-11T02:02:56.344Z,kgs,0.0,7,46729171-c5d6-497e-8bd5-b2f06fcc1610,19.0,,['harr'],5aa35456880e87b3f32ddf7c,72.5,0731b594-a678-4294-9b68-9285f8a1f0a5
32421,46bb4111-674c-4954-b6dc-f33af69ef605,1.0,,,2018-05-10T00:28:57.768Z,kgs,0.0,,46bb4111-674c-4954-b6dc-f33af69ef605,2.0,,[],58ace5bd6ca711fcd8cb7b39,,1b9a1147-0192-4db3-ae90-e15fc0cdafbe
32759,4782fd84-3430-4510-9bf6-2f6807fafa6f,0.0,,bench,2018-05-12T13:28:45.426Z,kgs,0.0,6,4782fd84-3430-4510-9bf6-2f6807fafa6f,8.0,,['harr'],5aa35456880e87b3f32ddf7c,57.5,ac1ca1f7-552e-4350-a77d-9ee0287d5aa2
32866,47c18810-ffca-461e-b72b-74ae7aa80913,0.0,,bench,2018-05-12T16:31:11.046Z,kgs,0.0,8,47c18810-ffca-461e-b72b-74ae7aa80913,14.0,,['mimi'],5aa35456880e87b3f32ddf7c,37.5,bafb2bf6-d950-4ac8-a254-42f60e9eebe4
33423,49028059-1ac3-4132-9b93-b7f755908b53,0.0,,bench,2018-05-12T17:11:34.719Z,kgs,0.0,< 5.5,49028059-1ac3-4132-9b93-b7f755908b53,19.0,,"['elisa', '5.5 rpe']",5aa35456880e87b3f32ddf7c,38,bafb2bf6-d950-4ac8-a254-42f60e9eebe4
33654,4968887f-eb1c-48e7-89d1-0e87a8d5f92c,0.0,,bench,2018-05-23T01:17:52.575Z,kgs,0.0,9,4968887f-eb1c-48e7-89d1-0e87a8d5f92c,27.0,,['mimi'],5aa35456880e87b3f32ddf7c,47.5,0e6dd975-b54d-4e4d-ab2f-d240105f4697
34194,4a9eaacc-671d-4c8a-9fa2-8c993de22abc,0.0,,squat,2018-05-11T00:02:48.729Z,kgs,0.0,< 5.5,4a9eaacc-671d-4c8a-9fa2-8c993de22abc,1.0,,"['harr', '3 rpe']",5aa35456880e87b3f32ddf7c,70,0731b594-a678-4294-9b68-9285f8a1f0a5
34204,4aa4570c-75bb-4116-ab33-1badefbf6a52,0.0,,bench,2018-05-12T16:35:36.006Z,kgs,0.0,10,4aa4570c-75bb-4116-ab33-1badefbf6a52,16.0,,['mimi'],5aa35456880e87b3f32ddf7c,40,bafb2bf6-d950-4ac8-a254-42f60e9eebe4
34631,4b8ea889-1f8e-4daf-97f3-eb3e62d93c80,0.0,,bench,2018-05-18T01:12:04.914Z,kgs,0.0,< 5.5,4b8ea889-1f8e-4daf-97f3-eb3e62d93c80,37.0,,['harr'],5aa35456880e87b3f32ddf7c,62.5,069415c7-5299-4dd3-a548-e201d5fa7c81
34685,4ba85bfb-932a-4930-b5aa-2b6f1f80b610,0.0,,squat,2018-05-26T16:18:05.351Z,kgs,0.0,9.5,4ba85bfb-932a-4930-b5aa-2b6f1f80b610,4.0,,['matt'],5aa35456880e87b3f32ddf7c,170,c4febac1-c026-4828-950a-d5c377810f42
34818,4be8d682-eb42-4f37-8a52-7da288ab59f3,0.0,,bench,2018-05-10T23:09:40.194Z,kgs,0.0,7.5,4be8d682-eb42-4f37-8a52-7da288ab59f3,8.0,,['elisa'],5aa35456880e87b3f32ddf7c,44,0ebb7ef9-06c9-4a3f-aee6-45c16d65e3f5
34869,4c013b5a-ffcd-4184-b327-99802ff91bfd,0.0,,bench,2018-05-26T19:17:30.339Z,kgs,0.0,9.5,4c013b5a-ffcd-4184-b327-99802ff91bfd,7.0,,['chase'],5aa35456880e87b3f32ddf7c,87,a652b098-c05c-4b3f-bb8e-ad5042879f73
35889,4e665638-8ab1-4699-8487-218c713ff835,0.0,,squat,2018-05-12T15:49:41.013Z,kgs,0.0,8.5,4e665638-8ab1-4699-8487-218c713ff835,5.0,,['mimi'],5aa35456880e87b3f32ddf7c,72.5,bafb2bf6-d950-4ac8-a254-42f60e9eebe4
35929,4e7a4803-a533-4766-a819-278d983fe978,0.0,,bench,2018-05-19T15:59:17.996Z,kgs,0.0,6,4e7a4803-a533-4766-a819-278d983fe978,31.0,,['matt'],5aa35456880e87b3f32ddf7c,105,870ca10a-1f71-4cbf-a3f8-6ef0f0cc56c1
35978,4e9358f7-4eaa-4e8e-a6f3-a1ede31cc57b,0.0,,bench,2018-05-19T17:04:27.747Z,kgs,0.0,9,4e9358f7-4eaa-4e8e-a6f3-a1ede31cc57b,49.0,,['elisa'],5aa35456880e87b3f32ddf7c,45,870ca10a-1f71-4cbf-a3f8-6ef0f0cc56c1
36144,4ef307c9-0aad-4c65-93bc-0743fd6f7d61,0.0,,squat,2018-05-14T23:34:05.206Z,kgs,0.0,8,4ef307c9-0aad-4c65-93bc-0743fd6f7d61,5.0,,['mimi'],5aa35456880e87b3f32ddf7c,86,8ece7813-09a3-4117-bcae-c1487e37dfb4
36160,4efa31ba-1ef0-41a0-bcc6-b337ba244546,0.0,,,2018-05-10T23:36:58.550Z,kgs,1.0,,4efa31ba-1ef0-41a0-bcc6-b337ba244546,1.0,,[],58ace5bd6ca711fcd8cb7b39,,5d679e1d-e559-4d1a-89b0-c227b76e69a6
36225,4f1acc00-a17a-4f97-aa43-55418d6e2cd9,0.0,,squat,2018-05-12T16:14:07.583Z,kgs,0.0,7,4f1acc00-a17a-4f97-aa43-55418d6e2cd9,10.0,,['elisa'],5aa35456880e87b3f32ddf7c,78.5,bafb2bf6-d950-4ac8-a254-42f60e9eebe4
36508,4faef4c7-edee-4c01-8e31-b11412def895,0.0,,squat,2018-05-23T00:38:32.881Z,kgs,0.0,9,4faef4c7-edee-4c01-8e31-b11412def895,18.0,,['mimi'],5aa35456880e87b3f32ddf7c,92.5,0e6dd975-b54d-4e4d-ab2f-d240105f4697
36959,50a23423-2bdc-4f25-943a-17cbc27ccc0d,0.0,,bench,2018-05-12T13:56:31.433Z,kgs,0.0,8.5,50a23423-2bdc-4f25-943a-17cbc27ccc0d,13.0,,['harr'],5aa35456880e87b3f32ddf7c,70,ac1ca1f7-552e-4350-a77d-9ee0287d5aa2
36994,50b38bf1-428f-4691-9268-b8d6f58686e3,0.0,,bench,2018-05-18T19:47:42.577Z,kgs,0.0,10,50b38bf1-428f-4691-9268-b8d6f58686e3,14.0,,['adam'],5aa35456880e87b3f32ddf7c,90,f9beacc0-676b-49f5-8f0b-e5b397918574
37112,50f1a53a-fd69-408f-86f0-080ef4e2f778,0.0,,bench,2018-05-18T01:22:39.328Z,kgs,0.0,6.5,50f1a53a-fd69-408f-86f0-080ef4e2f778,39.0,,['harr'],5aa35456880e87b3f32ddf7c,67.5,069415c7-5299-4dd3-a548-e201d5fa7c81
37782,5268090c-b415-494e-b8ac-daa79919ce3f,0.0,,bench,2018-05-25T00:58:36.090Z,kgs,0.0,10,5268090c-b415-494e-b8ac-daa79919ce3f,25.0,,"['matt', 'failed last rep ']",5aa35456880e87b3f32ddf7c,132.5,7e166282-3e2e-4b31-b419-8f70734fc65e
37834,528b18f8-898d-4977-9b29-f3c69b0473dd,0.0,,squat,2018-05-19T14:30:14.082Z,kgs,0.0,8.5,528b18f8-898d-4977-9b29-f3c69b0473dd,4.0,,['harr'],5aa35456880e87b3f32ddf7c,110,870ca10a-1f71-4cbf-a3f8-6ef0f0cc56c1
37951,52c5dfb1-c086-4e6b-a984-f97e15da07b1,0.0,,squat,2018-05-16T00:30:18.500Z,kgs,0.0,6,52c5dfb1-c086-4e6b-a984-f97e15da07b1,41.0,,['harr'],5aa35456880e87b3f32ddf7c,95,c1d046a3-bf4e-4ba8-a43a-2568a3b21620
38357,53acebf7-42f3-4bf2-bfef-ab0faf7c2b7b,0.0,,squat,2018-05-24T22:52:51.895Z,kgs,0.0,< 5.5,53acebf7-42f3-4bf2-bfef-ab0faf7c2b7b,1.0,,"['mimi ', '5 rpe']",5aa35456880e87b3f32ddf7c,60,500da55e-ed20-4dd5-bad2-5a12c01aa1a9
38560,5416f4d9-717f-471e-85c6-cb5d9da59446,0.0,,bench,2018-05-18T18:59:56.218Z,kgs,0.0,6,5416f4d9-717f-471e-85c6-cb5d9da59446,8.0,,['adam'],5aa35456880e87b3f32ddf7c,75,f9beacc0-676b-49f5-8f0b-e5b397918574
39947,5721deb1-96ef-485c-bc4b-5e3e1ec8b895,0.0,,squat,2018-05-18T17:43:21.615Z,kgs,0.0,6,5721deb1-96ef-485c-bc4b-5e3e1ec8b895,2.0,,['adam'],5aa35456880e87b3f32ddf7c,100,f9beacc0-676b-49f5-8f0b-e5b397918574
40214,57c0ad4a-7aa9-4c66-b5ec-0bfd58ac47db,0.0,,bench,2018-05-16T18:12:18.533Z,kgs,0.0,10,57c0ad4a-7aa9-4c66-b5ec-0bfd58ac47db,30.0,,"['mimi ', 'fail']",5aa35456880e87b3f32ddf7c,45,21b51e5a-6a80-48d8-827b-b2309f4cd405
40510,586a75ff-8173-461c-801f-506b11d54393,0.0,,squat,2018-05-13T18:02:34.261Z,kgs,0.0,< 5.5,586a75ff-8173-461c-801f-506b11d54393,1.0,,"['chase', '3.5 rpe']",5aa35456880e87b3f32ddf7c,90,5fbdf0dd-adc7-4221-9ced-8514e5ee9d04
40629,58a38d09-6116-4f2a-ab5f-d4c95c52414e,0.0,,bench,2018-05-26T17:08:58.679Z,kgs,0.0,6.5,58a38d09-6116-4f2a-ab5f-d4c95c52414e,8.0,,['matt'],5aa35456880e87b3f32ddf7c,110,c4febac1-c026-4828-950a-d5c377810f42
40726,58e6ed23-b105-4d5b-93a1-9162b87a11f0,0.0,,squat,2018-05-15T22:53:50.424Z,kgs,0.0,6,58e6ed23-b105-4d5b-93a1-9162b87a11f0,16.0,,['chase'],5aa35456880e87b3f32ddf7c,147.5,c1d046a3-bf4e-4ba8-a43a-2568a3b21620
40734,58eac1a9-699e-4a4c-a469-3c00a9fc9f81,0.0,,bench,2018-05-15T23:51:46.995Z,kgs,0.0,< 5.5,58eac1a9-699e-4a4c-a469-3c00a9fc9f81,30.0,,"['chase', '5 rpe']",5aa35456880e87b3f32ddf7c,85,c1d046a3-bf4e-4ba8-a43a-2568a3b21620
40799,59115544-bb13-4e9f-9fac-2f6e90a8a4f5,0.0,,bench,2018-05-19T15:38:59.577Z,kgs,0.0,6,59115544-bb13-4e9f-9fac-2f6e90a8a4f5,24.0,,['elisa'],5aa35456880e87b3f32ddf7c,73.5,870ca10a-1f71-4cbf-a3f8-6ef0f0cc56c1
41379,5a47a03e-09f3-4caa-acb4-f91f2f92f8f4,0.0,,squat,2018-05-17T22:57:19.421Z,kgs,0.0,10,5a47a03e-09f3-4caa-acb4-f91f2f92f8f4,12.0,,['chase'],5aa35456880e87b3f32ddf7c,145,069415c7-5299-4dd3-a548-e201d5fa7c81
41534,5a9b0a93-9a50-4553-946c-3934792b5e2d,0.0,,squat,2018-05-19T14:17:28.341Z,kgs,0.0,6.5,5a9b0a93-9a50-4553-946c-3934792b5e2d,2.0,,['harr'],5aa35456880e87b3f32ddf7c,100,870ca10a-1f71-4cbf-a3f8-6ef0f0cc56c1
41546,5aa15de8-4510-431a-bffc-0a0016ad6bc4,0.0,,bench ,2018-05-25T00:21:41.977Z,kgs,0.0,6,5aa15de8-4510-431a-bffc-0a0016ad6bc4,16.0,,['matt'],5aa35456880e87b3f32ddf7c,115,7e166282-3e2e-4b31-b419-8f70734fc65e
42184,5c09aba8-061b-4cc5-9db6-4c8feda1f23e,0.0,,squat,2018-05-19T15:56:42.522Z,kgs,0.0,10,5c09aba8-061b-4cc5-9db6-4c8feda1f23e,30.0,,['mimi'],5aa35456880e87b3f32ddf7c,90,870ca10a-1f71-4cbf-a3f8-6ef0f0cc56c1
42248,5c33c639-a49a-4fe4-a1e0-0731ea0ccca7,0.0,,,2018-05-08T22:19:55.632Z,kgs,1.0,,5c33c639-a49a-4fe4-a1e0-0731ea0ccca7,4.0,,[],58ace5bd6ca711fcd8cb7b39,,dc7cace1-274d-487c-ba35-7bc957b7097b
42576,5ce140cb-e823-4fdd-af59-cafc09d35b2f,0.0,,squat,2018-05-08T22:43:57.245Z,kgs,0.0,9.5,5ce140cb-e823-4fdd-af59-cafc09d35b2f,12.0,,['elisa'],58ace5bd6ca711fcd8cb7b39,87.5,dc7cace1-274d-487c-ba35-7bc957b7097b
43158,5e246cc2-8028-4181-915d-cd8e3e01b7ca,0.0,,squat,2018-05-21T22:38:31.337Z,kgs,0.0,< 5.5,5e246cc2-8028-4181-915d-cd8e3e01b7ca,2.0,,"['chase', '5.5']",5aa35456880e87b3f32ddf7c,117.5,1ba53e08-ded3-468b-8916-ba110f3ccb76
43608,5f1db60b-f430-4e17-a292-81bcadc7572c,0.0,,squat,2018-05-18T17:37:26.217Z,kgs,0.0,< 5.5,5f1db60b-f430-4e17-a292-81bcadc7572c,1.0,,"['adam', '5 rpe']",5aa35456880e87b3f32ddf7c,95,f9beacc0-676b-49f5-8f0b-e5b397918574
43903,5fb296cf-9128-432f-8dc2-4293594588ba,0.0,,squat,2018-05-15T22:16:47.061Z,kgs,0.0,< 5.5,5fb296cf-9128-432f-8dc2-4293594588ba,3.0,,"['matt', '5 rpe']",5aa35456880e87b3f32ddf7c,107.5,c1d046a3-bf4e-4ba8-a43a-2568a3b21620
44011,5feb9f95-8cb4-4cc5-9cfc-19ffb7611bf2,0.0,,squat,2018-05-17T22:45:35.519Z,kgs,0.0,8,5feb9f95-8cb4-4cc5-9cfc-19ffb7611bf2,10.0,,['elisa'],5aa35456880e87b3f32ddf7c,91.5,069415c7-5299-4dd3-a548-e201d5fa7c81
44540,6116e8f1-27f2-4691-82bb-5bcf5facea10,0.0,,bench,2018-05-18T02:07:40.074Z,kgs,1.0,10,6116e8f1-27f2-4691-82bb-5bcf5facea10,46.0,,"['harr', 'failed without single rep']",5aa35456880e87b3f32ddf7c,85,069415c7-5299-4dd3-a548-e201d5fa7c81
44836,61b5a06b-36e7-40d4-ae4c-94399b494437,0.0,,bench,2018-05-19T17:10:00.139Z,kgs,0.0,10,61b5a06b-36e7-40d4-ae4c-94399b494437,50.0,,['elisa'],5aa35456880e87b3f32ddf7c,47.5,870ca10a-1f71-4cbf-a3f8-6ef0f0cc56c1
44935,61ef5ab3-17f6-46d7-9eb3-6fb4413dccc8,0.0,,squat,2018-05-26T18:29:16.126Z,kgs,0.0,< 5.5,61ef5ab3-17f6-46d7-9eb3-6fb4413dccc8,1.0,,"['chase', '5.5 rpe']",5aa35456880e87b3f32ddf7c,130,a652b098-c05c-4b3f-bb8e-ad5042879f73
45100,624a42d6-7a94-4e0d-a900-3c0b148d88bf,0.0,,squat,2018-05-16T16:32:26.053Z,kgs,0.0,8.5,624a42d6-7a94-4e0d-a900-3c0b148d88bf,9.0,,['adam'],5aa35456880e87b3f32ddf7c,87.5,21b51e5a-6a80-48d8-827b-b2309f4cd405
45147,626bac9d-e8b8-4508-a19d-8918bb8bcedb,0.0,,squat,2018-05-11T01:11:24.356Z,kgs,0.0,7.5,626bac9d-e8b8-4508-a19d-8918bb8bcedb,11.0,,['harr'],5aa35456880e87b3f32ddf7c,120,0731b594-a678-4294-9b68-9285f8a1f0a5
45354,62e8c578-01c0-4c98-999f-d8076eae08ef,1.0,,squat,2018-05-16T20:07:06.680Z,kgs,0.0,,62e8c578-01c0-4c98-999f-d8076eae08ef,1.0,,[],58ace5bd6ca711fcd8cb7b39,150,216c8928-f3d7-48b9-9540-44de36a62a25
45469,632b66d9-a9f4-4fe7-85d4-037d4d307341,0.0,,bench,2018-05-11T02:07:15.923Z,kgs,0.0,7.5,632b66d9-a9f4-4fe7-85d4-037d4d307341,20.0,,['harr'],5aa35456880e87b3f32ddf7c,75,0731b594-a678-4294-9b68-9285f8a1f0a5
45944,6433bb8d-59f6-4166-b23d-508eefdc2115,0.0,,squat,2018-05-16T16:50:13.868Z,kgs,0.0,8.5,6433bb8d-59f6-4166-b23d-508eefdc2115,13.0,,['mimi'],5aa35456880e87b3f32ddf7c,85,21b51e5a-6a80-48d8-827b-b2309f4cd405
45957,6438f3c7-3608-4df1-9136-f0cd11956ffe,0.0,,bench,2018-05-13T19:54:45.273Z,kgs,0.0,8,6438f3c7-3608-4df1-9136-f0cd11956ffe,12.0,,['chase'],5aa35456880e87b3f32ddf7c,78,5fbdf0dd-adc7-4221-9ced-8514e5ee9d04
46270,64ea403c-342f-4f66-ae0b-4c5dfec65692,0.0,,bench,2018-05-10T23:33:55.913Z,kgs,0.0,10,64ea403c-342f-4f66-ae0b-4c5dfec65692,12.0,,['elisa'],5aa35456880e87b3f32ddf7c,51,0ebb7ef9-06c9-4a3f-aee6-45c16d65e3f5
47362,672b17be-da03-486b-92f9-a668f3c4e0f0,0.0,,squat,2018-05-19T15:17:53.064Z,kgs,0.0,6,672b17be-da03-486b-92f9-a668f3c4e0f0,15.0,,['mimi'],5aa35456880e87b3f32ddf7c,70,870ca10a-1f71-4cbf-a3f8-6ef0f0cc56c1
47405,67432e2b-32f3-40e1-a80d-428abe93c702,0.0,,bench,2018-05-25T00:52:50.179Z,kgs,0.0,9.5,67432e2b-32f3-40e1-a80d-428abe93c702,23.0,,['matt'],5aa35456880e87b3f32ddf7c,130,7e166282-3e2e-4b31-b419-8f70734fc65e
47465,675e3adc-a530-4420-bfcd-e19183b40101,0.0,,bench,2018-05-17T23:54:27.850Z,kgs,0.0,8.5,675e3adc-a530-4420-bfcd-e19183b40101,26.0,,['matt'],5aa35456880e87b3f32ddf7c,275,069415c7-5299-4dd3-a548-e201d5fa7c81
47477,6765a48d-ce7b-4072-a520-f839c3ec6fcd,0.0,,bench,2018-05-09T01:51:27.284Z,kgs,0.0,10,6765a48d-ce7b-4072-a520-f839c3ec6fcd,13.0,,['harr'],5aa35456880e87b3f32ddf7c,70,b7248c31-b8e1-4d51-9201-536ac8536e73
47490,676aacf1-d484-4893-b34e-e7937ab882b8,0.0,,squat,2018-05-19T14:57:10.292Z,kgs,0.0,< 5.5,676aacf1-d484-4893-b34e-e7937ab882b8,8.0,,"['mimi', '5.5 rpe']",5aa35456880e87b3f32ddf7c,60,870ca10a-1f71-4cbf-a3f8-6ef0f0cc56c1
47963,68593443-6a8a-4cba-8318-62e051a177ef,0.0,,bench,2018-05-12T13:50:05.691Z,kgs,0.0,7.5,68593443-6a8a-4cba-8318-62e051a177ef,12.0,,['harr'],5aa35456880e87b3f32ddf7c,67.5,ac1ca1f7-552e-4350-a77d-9ee0287d5aa2
48010,687ac33c-103a-46d2-b2f7-addd01400317,0.0,,squat,2018-05-11T00:26:18.904Z,kgs,0.0,< 5.5,687ac33c-103a-46d2-b2f7-addd01400317,5.0,,"['harr', '4.5 rpe ']",5aa35456880e87b3f32ddf7c,90,0731b594-a678-4294-9b68-9285f8a1f0a5
48096,68a647d2-aad5-4f5a-8658-14fb43fab376,0.0,,squat,2018-05-15T22:38:49.235Z,kgs,0.0,< 5.5,68a647d2-aad5-4f5a-8658-14fb43fab376,11.0,,"['matt', '5.5 rpe']",5aa35456880e87b3f32ddf7c,133.5,c1d046a3-bf4e-4ba8-a43a-2568a3b21620
48206,68e58eda-144c-4d06-a9d3-f8607b765f84,0.0,,squat,2018-05-15T22:43:56.687Z,kgs,0.0,6,68e58eda-144c-4d06-a9d3-f8607b765f84,13.0,,['chase'],5aa35456880e87b3f32ddf7c,137.5,c1d046a3-bf4e-4ba8-a43a-2568a3b21620
49458,6bbc58ed-8027-4caf-8e49-36f7752dbd89,0.0,,squat,2018-05-23T00:53:52.581Z,kgs,0.0,10,6bbc58ed-8027-4caf-8e49-36f7752dbd89,21.0,,['mimi'],5aa35456880e87b3f32ddf7c,102.5,0e6dd975-b54d-4e4d-ab2f-d240105f4697
49857,6c9d929f-48ad-44b6-98df-8b44f0439771,0.0,,bench,2018-05-15T00:44:02.135Z,kgs,0.0,9,6c9d929f-48ad-44b6-98df-8b44f0439771,13.0,,['mimi'],5aa35456880e87b3f32ddf7c,47.5,8ece7813-09a3-4117-bcae-c1487e37dfb4
49911,6cc5ee34-33b1-4859-ad7a-801bcbeacd1e,0.0,,squat,2018-05-23T23:03:38.407Z,kgs,0.0,8.5,6cc5ee34-33b1-4859-ad7a-801bcbeacd1e,4.0,,['chase'],5aa35456880e87b3f32ddf7c,157.5,ea75c10c-b19e-4984-8b6f-66a0227d0674
50003,6cff54fd-4bd1-42ae-ad2a-117aeb5569f2,0.0,,squat,2018-05-15T22:24:59.111Z,kgs,0.0,6,6cff54fd-4bd1-42ae-ad2a-117aeb5569f2,6.0,,['elisa'],5aa35456880e87b3f32ddf7c,62,c1d046a3-bf4e-4ba8-a43a-2568a3b21620
50046,6d17a98f-c7c2-4601-9f44-d0ba4c311b64,0.0,,bench,2018-05-23T00:14:36.182Z,kgs,0.0,< 5.5,6d17a98f-c7c2-4601-9f44-d0ba4c311b64,11.0,,"['matt', '5.5 rpe']",5aa35456880e87b3f32ddf7c,85,0e6dd975-b54d-4e4d-ab2f-d240105f4697
50281,6d93ff23-31d2-434a-a5f8-9cdbe052bd7a,0.0,,squat,2018-05-15T22:55:36.731Z,kgs,0.0,8.5,6d93ff23-31d2-434a-a5f8-9cdbe052bd7a,17.0,,['chase'],5aa35456880e87b3f32ddf7c,155,c1d046a3-bf4e-4ba8-a43a-2568a3b21620
50463,6e066a43-9788-4fc1-9acf-46c729ed02b7,0.0,,squat,2018-05-19T15:12:37.662Z,kgs,0.0,6,6e066a43-9788-4fc1-9acf-46c729ed02b7,12.0,,['mimi '],5aa35456880e87b3f32ddf7c,65,870ca10a-1f71-4cbf-a3f8-6ef0f0cc56c1
51328,6fe94240-2717-4854-8be4-c6d9fb9234e1,0.0,,squat,2018-05-16T16:37:49.363Z,kgs,0.0,6.5,6fe94240-2717-4854-8be4-c6d9fb9234e1,10.0,,['mimi'],5aa35456880e87b3f32ddf7c,75,21b51e5a-6a80-48d8-827b-b2309f4cd405
51483,70438017-b90f-44a7-9104-1f47a2058a82,0.0,,squat,2018-05-15T23:19:37.933Z,kgs,0.0,10,70438017-b90f-44a7-9104-1f47a2058a82,22.0,,['matt'],5aa35456880e87b3f32ddf7c,161,c1d046a3-bf4e-4ba8-a43a-2568a3b21620
51524,705bcd62-7db4-4e84-a423-0a5aeed7f715,0.0,,squat,2018-05-24T23:13:19.988Z,kgs,0.0,6.5,705bcd62-7db4-4e84-a423-0a5aeed7f715,5.0,,['mimi '],5aa35456880e87b3f32ddf7c,75,7e166282-3e2e-4b31-b419-8f70734fc65e
51581,707cf32b-ed96-4ee6-a0e2-0180aabd3825,0.0,,bench,2018-05-19T15:43:05.024Z,kgs,0.0,10,707cf32b-ed96-4ee6-a0e2-0180aabd3825,25.0,,['harr'],5aa35456880e87b3f32ddf7c,75,870ca10a-1f71-4cbf-a3f8-6ef0f0cc56c1
51759,70df7e93-8b97-4a5a-81fd-f25dbde645bb,0.0,,squat,2018-05-16T00:26:58.902Z,kgs,0.0,6,70df7e93-8b97-4a5a-81fd-f25dbde645bb,40.0,,['harr'],5aa35456880e87b3f32ddf7c,90,c1d046a3-bf4e-4ba8-a43a-2568a3b21620
52223,71efd403-31c5-4ae7-abb4-af7cc0e144f0,0.0,,squat,2018-05-24T23:36:41.540Z,kgs,0.0,7.5,71efd403-31c5-4ae7-abb4-af7cc0e144f0,9.0,,['mimi '],5aa35456880e87b3f32ddf7c,85,7e166282-3e2e-4b31-b419-8f70734fc65e
52271,720ff631-008a-4fed-8c16-dee89f39f5fa,0.0,,bench,2018-05-17T23:35:46.264Z,kgs,0.0,7.5,720ff631-008a-4fed-8c16-dee89f39f5fa,21.0,,['elisa'],5aa35456880e87b3f32ddf7c,45,069415c7-5299-4dd3-a548-e201d5fa7c81
52333,7235c606-8773-468f-ae46-85cb342fc9dd,0.0,,squat,2018-05-11T00:23:30.281Z,kgs,0.0,< 5.5,7235c606-8773-468f-ae46-85cb342fc9dd,4.0,,"['harr', '4 rpe']",5aa35456880e87b3f32ddf7c,85,0731b594-a678-4294-9b68-9285f8a1f0a5
52406,7259f96b-fda5-4e51-a9fd-aa7dbf0e5f2a,0.0,,bench,2018-05-11T02:13:11.972Z,kgs,0.0,8,7259f96b-fda5-4e51-a9fd-aa7dbf0e5f2a,21.0,,['harr'],5aa35456880e87b3f32ddf7c,77.5,0731b594-a678-4294-9b68-9285f8a1f0a5
52875,7370d826-be93-4fa0-81dd-927f2a67c2fd,0.0,,bench,2018-05-19T15:44:57.394Z,kgs,0.0,8.5,7370d826-be93-4fa0-81dd-927f2a67c2fd,26.0,,"['mimi', '8 reps']",5aa35456880e87b3f32ddf7c,85,870ca10a-1f71-4cbf-a3f8-6ef0f0cc56c1
52928,738f50de-9847-4efb-8c1a-5f687d6b9aaf,0.0,,squat,2018-05-16T01:06:59.089Z,kgs,0.0,9,738f50de-9847-4efb-8c1a-5f687d6b9aaf,45.0,,['harr'],5aa35456880e87b3f32ddf7c,115,c1d046a3-bf4e-4ba8-a43a-2568a3b21620
54115,761fa90f-a77d-4fed-93ed-841bd4aa1b0b,0.0,,squat,2018-05-16T15:58:04.430Z,kgs,0.0,< 5.5,761fa90f-a77d-4fed-93ed-841bd4aa1b0b,2.0,,"['adam', '5 rpe']",5aa35456880e87b3f32ddf7c,67.5,21b51e5a-6a80-48d8-827b-b2309f4cd405
54248,766c36f2-04e1-4214-8fd8-af80b676efe7,0.0,,bench,2018-05-12T16:22:43.468Z,kgs,0.0,7,766c36f2-04e1-4214-8fd8-af80b676efe7,13.0,,['mimi'],5aa35456880e87b3f32ddf7c,35,bafb2bf6-d950-4ac8-a254-42f60e9eebe4
54385,76bc0881-fbd1-4131-aee5-86f7cdb5ecc9,0.0,,bench,2018-05-19T16:53:55.036Z,kgs,0.0,6,76bc0881-fbd1-4131-aee5-86f7cdb5ecc9,47.0,,['elisa'],5aa35456880e87b3f32ddf7c,40,870ca10a-1f71-4cbf-a3f8-6ef0f0cc56c1
55276,78c7b08a-cf05-4d60-9ebe-8c19bf592ea2,0.0,,bench,2018-05-15T00:02:15.974Z,kgs,0.0,6,78c7b08a-cf05-4d60-9ebe-8c19bf592ea2,8.0,,['mimi'],5aa35456880e87b3f32ddf7c,35,8ece7813-09a3-4117-bcae-c1487e37dfb4
55484,793e35bd-a98b-4a5f-97ba-240d5821b748,0.0,,squat,2018-05-08T22:26:05.987Z,kgs,0.0,6,793e35bd-a98b-4a5f-97ba-240d5821b748,7.0,,['elisa'],58ace5bd6ca711fcd8cb7b39,65,dc7cace1-274d-487c-ba35-7bc957b7097b
55752,79da73c9-b4c6-4c54-a1ab-4a490de1544c,0.0,,squat,2018-05-09T00:03:03.435Z,kgs,0.0,< 5.5,79da73c9-b4c6-4c54-a1ab-4a490de1544c,1.0,,"['harr', '4 rpe ']",5aa35456880e87b3f32ddf7c,70,b7248c31-b8e1-4d51-9201-536ac8536e73
56133,7ab803f0-d783-4bc9-8f44-1c0c657e0b41,0.0,,bench ,2018-05-25T00:21:00.582Z,kgs,0.0,< 5.5,7ab803f0-d783-4bc9-8f44-1c0c657e0b41,15.0,,"['5 rpe', 'mimi ']",5aa35456880e87b3f32ddf7c,30,7e166282-3e2e-4b31-b419-8f70734fc65e
56214,7ae7e6cc-5d52-4f28-94e1-4e1fbf5b3989,0.0,,squat,2018-05-18T00:43:05.773Z,kgs,0.0,8,7ae7e6cc-5d52-4f28-94e1-4e1fbf5b3989,34.0,,['harr'],5aa35456880e87b3f32ddf7c,120,069415c7-5299-4dd3-a548-e201d5fa7c81
56359,7b39d7b7-6088-4bbe-963e-95cac595353a,0.0,,bench ,2018-05-25T00:27:53.230Z,kgs,0.0,< 5.5,7b39d7b7-6088-4bbe-963e-95cac595353a,17.0,,"['mimi ', 'did 6 reps last rep cut into two ', '5.5 rpe']",5aa35456880e87b3f32ddf7c,32.5,7e166282-3e2e-4b31-b419-8f70734fc65e
56413,7b56f466-1543-4a72-8091-aed0248188ef,1.0,,,2018-05-10T00:32:40.786Z,kgs,0.0,,7b56f466-1543-4a72-8091-aed0248188ef,4.0,,[],58ace5bd6ca711fcd8cb7b39,,1b9a1147-0192-4db3-ae90-e15fc0cdafbe
56449,7b6f2c4e-ec23-430e-8aed-571ced3b9b04,0.0,,squat,2018-05-16T17:19:59.894Z,kgs,0.0,10,7b6f2c4e-ec23-430e-8aed-571ced3b9b04,16.0,,['adam'],5aa35456880e87b3f32ddf7c,102.5,21b51e5a-6a80-48d8-827b-b2309f4cd405
56673,7bf70bf8-fc20-46b8-aa48-32817bd2d446,0.0,,bench,2018-05-10T23:16:06.098Z,kgs,0.0,7.5,7bf70bf8-fc20-46b8-aa48-32817bd2d446,9.0,,['elisa'],5aa35456880e87b3f32ddf7c,46,0ebb7ef9-06c9-4a3f-aee6-45c16d65e3f5
57419,7d8a0a5e-a13b-4a41-ab08-5b29312678d9,0.0,,squat,2018-05-15T22:46:27.433Z,kgs,0.0,7,7d8a0a5e-a13b-4a41-ab08-5b29312678d9,14.0,,['matt'],5aa35456880e87b3f32ddf7c,142,c1d046a3-bf4e-4ba8-a43a-2568a3b21620
57567,7decbd3a-3c16-429a-b553-df9dcfde4422,0.0,,squat,2018-05-16T16:46:33.110Z,kgs,0.0,9,7decbd3a-3c16-429a-b553-df9dcfde4422,12.0,,['adam'],5aa35456880e87b3f32ddf7c,92.5,21b51e5a-6a80-48d8-827b-b2309f4cd405
58379,7fcbd271-2a31-4c64-ad07-23b3b638bb27,0.0,,bench,2018-05-12T17:29:57.044Z,kgs,0.0,9,7fcbd271-2a31-4c64-ad07-23b3b638bb27,22.0,,['elisa'],5aa35456880e87b3f32ddf7c,44,bafb2bf6-d950-4ac8-a254-42f60e9eebe4
58454,7feb50c9-b3b2-4a13-9d7e-128c31d9345f,0.0,,squat,2018-05-15T22:50:15.682Z,kgs,0.0,7.5,7feb50c9-b3b2-4a13-9d7e-128c31d9345f,15.0,,['elisa'],5aa35456880e87b3f32ddf7c,72,c1d046a3-bf4e-4ba8-a43a-2568a3b21620
59043,813b07ea-2cfb-4a0d-aaf3-5d5d9ac286f5,0.0,,bench,2018-05-08T23:13:44.942Z,kgs,0.0,8.5,813b07ea-2cfb-4a0d-aaf3-5d5d9ac286f5,3.0,,['elisa'],5aa35456880e87b3f32ddf7c,38,01aff772-84bf-4a7b-8bb4-17863086714a
59045,813b321b-1c54-4b64-aa0f-d1050d362b97,0.0,,squat,2018-05-22T22:55:22.247Z,kgs,0.0,6,813b321b-1c54-4b64-aa0f-d1050d362b97,3.0,,['matt'],5aa35456880e87b3f32ddf7c,127.5,0e6dd975-b54d-4e4d-ab2f-d240105f4697
59420,8205ddc7-d971-4018-88e4-8610ea87e5ca,0.0,,squat,2018-05-12T12:50:39.012Z,kgs,0.0,9,8205ddc7-d971-4018-88e4-8610ea87e5ca,5.0,,['harr'],5aa35456880e87b3f32ddf7c,115,ac1ca1f7-552e-4350-a77d-9ee0287d5aa2
59436,8210ad4a-b677-4474-b7ee-51e88d52f225,0.0,,squat,2018-05-24T23:03:46.069Z,kgs,0.0,,8210ad4a-b677-4474-b7ee-51e88d52f225,2.0,,['matt'],5aa35456880e87b3f32ddf7c,157.5,7e166282-3e2e-4b31-b419-8f70734fc65e
59751,82c0721b-1893-4454-9eda-3678740e25b8,0.0,,bench,2018-05-15T23:58:46.702Z,kgs,0.0,7,82c0721b-1893-4454-9eda-3678740e25b8,33.0,,['chase'],5aa35456880e87b3f32ddf7c,90,c1d046a3-bf4e-4ba8-a43a-2568a3b21620
60609,84967e60-16df-4bda-b1b0-453bd4f226d7,0.0,,bench,2018-05-19T16:52:51.820Z,kgs,0.0,6,84967e60-16df-4bda-b1b0-453bd4f226d7,46.0,,['elisa'],5aa35456880e87b3f32ddf7c,37.5,870ca10a-1f71-4cbf-a3f8-6ef0f0cc56c1
60634,84a85289-0163-4571-85ad-a79c1c871384,1.0,,,2018-05-10T23:44:53.411Z,kgs,0.0,,84a85289-0163-4571-85ad-a79c1c871384,4.0,,[],58ace5bd6ca711fcd8cb7b39,,5d679e1d-e559-4d1a-89b0-c227b76e69a6
60758,84ece2a2-e59c-4753-bffa-ef6eff5327a7,0.0,,bench,2018-05-16T17:50:53.099Z,kgs,0.0,7.5,84ece2a2-e59c-4753-bffa-ef6eff5327a7,24.0,,['mimi '],5aa35456880e87b3f32ddf7c,40,21b51e5a-6a80-48d8-827b-b2309f4cd405
61046,858a1b79-75c3-42fc-aada-8a43c0607eff,0.0,,squat,2018-05-12T12:30:56.113Z,kgs,0.0,8,858a1b79-75c3-42fc-aada-8a43c0607eff,3.0,,['harr'],5aa35456880e87b3f32ddf7c,105,ac1ca1f7-552e-4350-a77d-9ee0287d5aa2
61117,85adfe98-65f7-4db5-b92f-7ae576298dcc,0.0,,squat,2018-05-22T23:04:28.038Z,kgs,0.0,6.5,85adfe98-65f7-4db5-b92f-7ae576298dcc,4.0,,['matt'],5aa35456880e87b3f32ddf7c,137.5,0e6dd975-b54d-4e4d-ab2f-d240105f4697
61516,867eefdd-da9b-4e4d-a9ba-d9b39f57d345,0.0,,bench,2018-05-17T23:25:12.382Z,kgs,0.0,< 5.5,867eefdd-da9b-4e4d-a9ba-d9b39f57d345,18.0,,"['chase', '5.5 rpe']",5aa35456880e87b3f32ddf7c,80,069415c7-5299-4dd3-a548-e201d5fa7c81
61674,86d79176-af4f-4e59-a628-98a0b81431ad,0.0,,bench,2018-05-23T01:14:11.540Z,kgs,0.0,8,86d79176-af4f-4e59-a628-98a0b81431ad,26.0,,['mimi'],5aa35456880e87b3f32ddf7c,45,0e6dd975-b54d-4e4d-ab2f-d240105f4697
61939,876efea2-25b2-4f62-af36-ce841eda2514,0.0,,bench,2018-05-26T16:53:59.624Z,kgs,0.0,< 5.5,876efea2-25b2-4f62-af36-ce841eda2514,6.0,,"['matt', '5.5 rpe']",5aa35456880e87b3f32ddf7c,101,c4febac1-c026-4828-950a-d5c377810f42
61953,87796c2b-c1ef-4cee-841d-9721065c0410,0.0,,bench,2018-05-16T00:04:55.259Z,kgs,0.0,10,87796c2b-c1ef-4cee-841d-9721065c0410,35.0,,['chase'],5aa35456880e87b3f32ddf7c,97.5,c1d046a3-bf4e-4ba8-a43a-2568a3b21620
62784,895f22c9-7775-4388-9e1e-a80acbb33cc7,0.0,,bench,2018-05-19T16:42:19.488Z,kgs,0.0,< 5.5,895f22c9-7775-4388-9e1e-a80acbb33cc7,43.0,,['elisa'],5aa35456880e87b3f32ddf7c,32.5,870ca10a-1f71-4cbf-a3f8-6ef0f0cc56c1
62838,89800cf3-5090-4e02-bba6-08d3716d2d08,0.0,,squat,2018-05-12T15:17:31.219Z,kgs,0.0,7.5,89800cf3-5090-4e02-bba6-08d3716d2d08,2.0,,['mimi'],5aa35456880e87b3f32ddf7c,62.5,bafb2bf6-d950-4ac8-a254-42f60e9eebe4
63091,8a18c2fd-321f-4ef7-8cbb-103eaa4be7df,0.0,,squat2,2018-05-24T23:00:12.839Z,kgs,0.0,< 5.5,8a18c2fd-321f-4ef7-8cbb-103eaa4be7df,1.0,,"['mimi ', '5.5 rpe']",5aa35456880e87b3f32ddf7c,65,7e166282-3e2e-4b31-b419-8f70734fc65e
63313,8a8cdb67-0266-42e1-8c5f-d63dc639a75b,0.0,,squat,2018-05-15T22:33:24.317Z,kgs,0.0,6,8a8cdb67-0266-42e1-8c5f-d63dc639a75b,9.0,,['elisa'],5aa35456880e87b3f32ddf7c,64,c1d046a3-bf4e-4ba8-a43a-2568a3b21620
63890,8bc9a056-2a7e-421e-aee1-4a83fd83f957,0.0,,squat,2018-05-12T14:51:16.246Z,kgs,0.0,6.5,8bc9a056-2a7e-421e-aee1-4a83fd83f957,1.0,,['mimi'],5aa35456880e87b3f32ddf7c,57.5,bafb2bf6-d950-4ac8-a254-42f60e9eebe4
63983,8bf67c34-1d46-47c8-aae6-a3dbff589905,0.0,,squat,2018-05-19T15:23:33.410Z,kgs,0.0,< 5.5,8bf67c34-1d46-47c8-aae6-a3dbff589905,17.0,,"['elisa', '5 rpe']",5aa35456880e87b3f32ddf7c,64.5,870ca10a-1f71-4cbf-a3f8-6ef0f0cc56c1
64189,8c64f7b6-7aa4-45ad-8d58-e93bb4ab4a8c,0.0,,squat,2018-05-14T23:49:54.838Z,kgs,0.0,10,8c64f7b6-7aa4-45ad-8d58-e93bb4ab4a8c,7.0,,"['fail', 'mimi']",5aa35456880e87b3f32ddf7c,95,8ece7813-09a3-4117-bcae-c1487e37dfb4
64482,8d1987df-a92f-4371-aa41-c36773e540e0,0.0,,bench,2018-05-12T17:24:49.702Z,kgs,0.0,7,8d1987df-a92f-4371-aa41-c36773e540e0,21.0,,['elisa'],5aa35456880e87b3f32ddf7c,42,bafb2bf6-d950-4ac8-a254-42f60e9eebe4
64955,8e168a9a-d61f-4ce0-bce5-2f0be942ff3e,0.0,,bench,2018-05-23T23:51:22.504Z,kgs,0.0,9,8e168a9a-d61f-4ce0-bce5-2f0be942ff3e,10.0,,['chase'],5aa35456880e87b3f32ddf7c,96,ea75c10c-b19e-4984-8b6f-66a0227d0674
65237,8eaf7c5e-f058-481d-b794-c701bc07996e,0.0,,bench,2018-05-16T00:09:06.398Z,kgs,0.0,10,8eaf7c5e-f058-481d-b794-c701bc07996e,37.0,,['elisa'],5aa35456880e87b3f32ddf7c,42.5,c1d046a3-bf4e-4ba8-a43a-2568a3b21620
65374,8efa6acf-46a1-4348-b088-8ba12896e776,0.0,,bench,2018-05-19T16:16:17.157Z,kgs,0.0,< 5.5,8efa6acf-46a1-4348-b088-8ba12896e776,37.0,,"['mimi', '5.5 rpe']",5aa35456880e87b3f32ddf7c,32.5,870ca10a-1f71-4cbf-a3f8-6ef0f0cc56c1
66157,90bb3398-1402-43f2-bb1f-2592d993f09c,0.0,,bench,2018-05-19T16:49:56.197Z,kgs,0.0,10,90bb3398-1402-43f2-bb1f-2592d993f09c,45.0,,['mimi '],5aa35456880e87b3f32ddf7c,40,870ca10a-1f71-4cbf-a3f8-6ef0f0cc56c1
66835,9248ec31-621e-4971-9c93-4a062af94465,0.0,,squat,2018-05-19T15:14:08.782Z,kgs,0.0,< 5.5,9248ec31-621e-4971-9c93-4a062af94465,13.0,,"['elisa', '5 rpe']",5aa35456880e87b3f32ddf7c,60,870ca10a-1f71-4cbf-a3f8-6ef0f0cc56c1
66972,92918e12-e3bc-4c1c-9ead-cdd17b163142,0.0,,squat,2018-05-18T18:13:14.920Z,kgs,0.0,8,92918e12-e3bc-4c1c-9ead-cdd17b163142,5.0,,['adam'],5aa35456880e87b3f32ddf7c,115,f9beacc0-676b-49f5-8f0b-e5b397918574
67326,9364ee64-158c-4e0f-99d4-5903b836a2d9,0.0,,squat,2018-05-16T16:44:54.562Z,kgs,0.0,7.5,9364ee64-158c-4e0f-99d4-5903b836a2d9,11.0,,['mimi'],5aa35456880e87b3f32ddf7c,80,21b51e5a-6a80-48d8-827b-b2309f4cd405
67449,93ada869-ff73-435b-b04e-111dfc42cfc0,0.0,,squat,2018-05-23T00:24:09.993Z,kgs,0.0,7,93ada869-ff73-435b-b04e-111dfc42cfc0,14.0,,['mimi'],5aa35456880e87b3f32ddf7c,82.5,0e6dd975-b54d-4e4d-ab2f-d240105f4697
67542,93dd05e0-ce14-42dc-b3b5-49b6fffa9080,0.0,,squat,2018-05-23T00:47:26.171Z,kgs,0.0,9.5,93dd05e0-ce14-42dc-b3b5-49b6fffa9080,20.0,,['mimi'],5aa35456880e87b3f32ddf7c,97.5,0e6dd975-b54d-4e4d-ab2f-d240105f4697
67783,946aef48-b56f-4af5-b718-6b5710336139,0.0,,squat,2018-05-13T18:28:38.388Z,kgs,0.0,< 5.5,946aef48-b56f-4af5-b718-6b5710336139,2.0,,"['chase', '5 rpe']",5aa35456880e87b3f32ddf7c,105,5fbdf0dd-adc7-4221-9ced-8514e5ee9d04
68047,94ff37b5-bcc0-4cd4-8b8f-6fecdce502f7,0.0,,squat,2018-05-09T00:22:47.246Z,kgs,0.0,< 5.5,94ff37b5-bcc0-4cd4-8b8f-6fecdce502f7,2.0,,"['harr', '5 rpe']",5aa35456880e87b3f32ddf7c,80,b7248c31-b8e1-4d51-9201-536ac8536e73
68163,95408688-933c-4d40-b885-5eeb9813e483,0.0,,bench,2018-05-19T16:24:36.028Z,kgs,0.0,< 5.5,95408688-933c-4d40-b885-5eeb9813e483,39.0,,"['mimi', '5.5 rpe']",5aa35456880e87b3f32ddf7c,35,870ca10a-1f71-4cbf-a3f8-6ef0f0cc56c1
68706,967416f3-48ee-48cb-b498-882395c712b9,0.0,,squat,2018-05-19T15:34:58.437Z,kgs,0.0,7,967416f3-48ee-48cb-b498-882395c712b9,22.0,,['mimi'],5aa35456880e87b3f32ddf7c,77.5,870ca10a-1f71-4cbf-a3f8-6ef0f0cc56c1
68735,96809c21-6e71-4ee6-884f-c21ae2438c6b,0.0,,squat,2018-05-21T22:32:57.504Z,kgs,0.0,< 5.5,96809c21-6e71-4ee6-884f-c21ae2438c6b,1.0,,"['rpe5', 'chase']",5aa35456880e87b3f32ddf7c,110,1ba53e08-ded3-468b-8916-ba110f3ccb76
68989,971c8ce4-6f6d-4333-a8c0-16181472b859,0.0,,squat,2018-05-11T01:22:58.915Z,kgs,0.0,8.5,971c8ce4-6f6d-4333-a8c0-16181472b859,12.0,,['harr'],5aa35456880e87b3f32ddf7c,125,0731b594-a678-4294-9b68-9285f8a1f0a5
69184,9789a76e-1da4-4381-976e-5547277d4236,0.0,,bench,2018-05-23T23:38:43.887Z,kgs,0.0,< 5.5,9789a76e-1da4-4381-976e-5547277d4236,7.0,,['chase'],5aa35456880e87b3f32ddf7c,84,ea75c10c-b19e-4984-8b6f-66a0227d0674
69475,98273702-37ac-446f-b1ac-4c3ea05d2d34,0.0,,bench,2018-05-19T16:02:18.807Z,kgs,0.0,8,98273702-37ac-446f-b1ac-4c3ea05d2d34,33.0,,['matt'],5aa35456880e87b3f32ddf7c,112.5,870ca10a-1f71-4cbf-a3f8-6ef0f0cc56c1
70105,9990217c-87f5-417b-9eea-d15c9cb6faae,0.0,,squat,2018-05-08T22:20:44.725Z,kgs,0.0,< 5.5,9990217c-87f5-417b-9eea-d15c9cb6faae,5.0,,"['elisa', '5.5']",58ace5bd6ca711fcd8cb7b39,57.5,dc7cace1-274d-487c-ba35-7bc957b7097b
70123,999df0d2-89fe-4199-8db2-911d6049894b,0.0,,squat,2018-05-22T22:47:35.150Z,kgs,0.0,< 5.5,999df0d2-89fe-4199-8db2-911d6049894b,2.0,,"['matt', '5.5 rpe']",5aa35456880e87b3f32ddf7c,117.5,0e6dd975-b54d-4e4d-ab2f-d240105f4697
70541,9ab494a2-474e-4848-a1cd-74d6976c45b7,0.0,,bench,2018-05-23T23:46:32.976Z,kgs,0.0,8,9ab494a2-474e-4848-a1cd-74d6976c45b7,9.0,,['chase'],5aa35456880e87b3f32ddf7c,92,ea75c10c-b19e-4984-8b6f-66a0227d0674
70856,9b64a38d-2ecb-430a-9463-7840cadcb0a2,0.0,,squat,2018-05-13T18:49:11.759Z,kgs,0.0,8,9b64a38d-2ecb-430a-9463-7840cadcb0a2,5.0,,['chase'],5aa35456880e87b3f32ddf7c,127.5,5fbdf0dd-adc7-4221-9ced-8514e5ee9d04
70905,9b816248-e045-497a-b8e7-a7f4ef970f6b,0.0,,squat,2018-05-18T00:31:41.892Z,kgs,0.0,6.5,9b816248-e045-497a-b8e7-a7f4ef970f6b,32.0,,['harr'],5aa35456880e87b3f32ddf7c,110,069415c7-5299-4dd3-a548-e201d5fa7c81
71152,9c091801-228a-47ca-8546-2ad231988136,0.0,,bench,2018-05-15T23:56:35.545Z,kgs,0.0,6,9c091801-228a-47ca-8546-2ad231988136,32.0,,['matt'],5aa35456880e87b3f32ddf7c,91,c1d046a3-bf4e-4ba8-a43a-2568a3b21620
71191,9c1ab105-1abd-4b77-9f54-8d150c50e04a,0.0,,squat,2018-05-16T15:48:40.179Z,kgs,0.0,< 5.5,9c1ab105-1abd-4b77-9f54-8d150c50e04a,1.0,,"['adam', '4.5 rpe ']",5aa35456880e87b3f32ddf7c,62.5,21b51e5a-6a80-48d8-827b-b2309f4cd405
72447,9edc84a3-0649-4c7a-a695-fb8403269790,0.0,,bench,2018-05-23T00:11:17.749Z,kgs,0.0,< 5.5,9edc84a3-0649-4c7a-a695-fb8403269790,9.0,,"['matt', '5 rpe']",5aa35456880e87b3f32ddf7c,80,0e6dd975-b54d-4e4d-ab2f-d240105f4697
73662,a18af213-40b7-46bb-8739-3cd51d6353bc,0.0,,squat,2018-05-23T00:06:41.919Z,kgs,0.0,< 5.5,a18af213-40b7-46bb-8739-3cd51d6353bc,8.0,,"['mimi', '5 rpe']",5aa35456880e87b3f32ddf7c,67.5,0e6dd975-b54d-4e4d-ab2f-d240105f4697
73667,a18cf915-9c66-49ff-8ab1-d9993e51bd69,0.0,,bench,2018-05-16T17:54:22.162Z,kgs,0.0,6.5,a18cf915-9c66-49ff-8ab1-d9993e51bd69,25.0,,['adam'],5aa35456880e87b3f32ddf7c,62.5,21b51e5a-6a80-48d8-827b-b2309f4cd405
73871,a1f18e5d-5a65-4784-bfc3-77354dbba574,0.0,,bench,2018-05-17T23:22:23.413Z,kgs,0.0,< 5.5,a1f18e5d-5a65-4784-bfc3-77354dbba574,17.0,,"['elisa', '5 rpe']",5aa35456880e87b3f32ddf7c,40,069415c7-5299-4dd3-a548-e201d5fa7c81
74138,a291d0ec-585a-4811-a8d9-45eb4d8c5c55,0.0,,bench,2018-05-08T22:54:57.232Z,kgs,0.0,< 5.5,a291d0ec-585a-4811-a8d9-45eb4d8c5c55,13.0,,['elisa'],58ace5bd6ca711fcd8cb7b39,30,dc7cace1-274d-487c-ba35-7bc957b7097b
74221,a2be2bd9-09c0-4186-ae70-175ea1ee980c,0.0,,squat,2018-05-17T22:34:40.317Z,kgs,0.0,< 5.5,a2be2bd9-09c0-4186-ae70-175ea1ee980c,6.0,,"['chase', '5 rpe']",5aa35456880e87b3f32ddf7c,130,069415c7-5299-4dd3-a548-e201d5fa7c81
74441,a3323acd-02e3-4d11-9b97-600fcc64867c,0.0,,squat,2018-05-19T14:42:17.009Z,kgs,0.0,< 5.5,a3323acd-02e3-4d11-9b97-600fcc64867c,5.0,,"['matt', '5 rpe']",5aa35456880e87b3f32ddf7c,142.5,870ca10a-1f71-4cbf-a3f8-6ef0f0cc56c1
74511,a3584615-2361-436f-99f4-9ba32d75d9d5,0.0,,bench,2018-05-17T23:33:37.746Z,kgs,0.0,7.5,a3584615-2361-436f-99f4-9ba32d75d9d5,20.0,,['chase'],5aa35456880e87b3f32ddf7c,85,069415c7-5299-4dd3-a548-e201d5fa7c81
74791,a3fbadc3-b136-4541-9bb6-7f27d08fa240,0.0,,squat,2018-05-17T22:49:38.489Z,kgs,0.0,9,a3fbadc3-b136-4541-9bb6-7f27d08fa240,11.0,,['elisa'],5aa35456880e87b3f32ddf7c,95.5,069415c7-5299-4dd3-a548-e201d5fa7c81
75119,a4aeb2f6-1b31-4eac-8217-f3da395e8d9c,1.0,,,2018-05-08T22:12:05.073Z,kgs,1.0,,a4aeb2f6-1b31-4eac-8217-f3da395e8d9c,2.0,,[],58ace5bd6ca711fcd8cb7b39,,dc7cace1-274d-487c-ba35-7bc957b7097b
75265,a4f57de1-b248-4431-abe1-15b66747e504,0.0,,sumo deadlift,2018-05-10T23:53:56.603Z,kgs,0.0,9,a4f57de1-b248-4431-abe1-15b66747e504,5.0,,[],58ace5bd6ca711fcd8cb7b39,265,5d679e1d-e559-4d1a-89b0-c227b76e69a6
75350,a526a3bc-f562-45b0-81c3-9141c456350c,0.0,,bench,2018-05-19T15:26:39.418Z,kgs,0.0,8,a526a3bc-f562-45b0-81c3-9141c456350c,19.0,,['harr'],5aa35456880e87b3f32ddf7c,70,870ca10a-1f71-4cbf-a3f8-6ef0f0cc56c1
75802,a620cd90-5006-4d0c-8f38-c64f79fb2f1c,0.0,,bench,2018-05-16T17:39:52.882Z,kgs,0.0,< 5.5,a620cd90-5006-4d0c-8f38-c64f79fb2f1c,20.0,,"['adam', '5 rpe']",5aa35456880e87b3f32ddf7c,52.5,21b51e5a-6a80-48d8-827b-b2309f4cd405
76109,a6ddca8e-dd78-478f-a4b1-ab4f74be5d72,0.0,,bench,2018-05-19T16:26:33.136Z,kgs,0.0,7,a6ddca8e-dd78-478f-a4b1-ab4f74be5d72,40.0,,['mimi'],5aa35456880e87b3f32ddf7c,37.5,870ca10a-1f71-4cbf-a3f8-6ef0f0cc56c1
76236,a71f699a-dc51-4a4a-8a75-198c3259a833,0.0,,squat,2018-05-18T00:59:28.969Z,kgs,0.0,9,a71f699a-dc51-4a4a-8a75-198c3259a833,36.0,,['harr'],5aa35456880e87b3f32ddf7c,130,069415c7-5299-4dd3-a548-e201d5fa7c81
76588,a7e30c7f-6c4d-4896-a1d1-430f645663a2,0.0,,squat,2018-05-16T16:20:33.225Z,kgs,0.0,< 5.5,a7e30c7f-6c4d-4896-a1d1-430f645663a2,6.0,,"['mimi', '5.5 rpe']",5aa35456880e87b3f32ddf7c,65,21b51e5a-6a80-48d8-827b-b2309f4cd405
76630,a7f7eab6-f8ee-48f7-8109-9d9496b7151b,0.0,,bench,2018-05-21T23:38:42.933Z,kgs,0.0,7.5,a7f7eab6-f8ee-48f7-8109-9d9496b7151b,8.0,,['chase'],5aa35456880e87b3f32ddf7c,78,1ba53e08-ded3-468b-8916-ba110f3ccb76
76982,a8c3e0dc-46cf-4db5-b870-24ab0996949a,0.0,,squat,2018-05-12T15:57:04.440Z,kgs,0.0,9.5,a8c3e0dc-46cf-4db5-b870-24ab0996949a,7.0,,['mimi'],5aa35456880e87b3f32ddf7c,77.5,bafb2bf6-d950-4ac8-a254-42f60e9eebe4
77044,a8dd9edb-c1b1-489a-b794-b69beef71208,0.0,,squat,2018-05-19T14:05:53.641Z,kgs,0.0,6,a8dd9edb-c1b1-489a-b794-b69beef71208,1.0,,['harr'],5aa35456880e87b3f32ddf7c,95,870ca10a-1f71-4cbf-a3f8-6ef0f0cc56c1
77368,a991136c-a2ea-4ced-95b0-b654c5de12ba,0.0,,bench,2018-05-16T18:05:33.135Z,kgs,0.0,9,a991136c-a2ea-4ced-95b0-b654c5de12ba,29.0,,['adam'],5aa35456880e87b3f32ddf7c,72.5,21b51e5a-6a80-48d8-827b-b2309f4cd405
77604,aa21e4c9-a055-4238-a8bd-dc8a993e2da4,0.0,,squat,2018-05-26T15:34:02.177Z,kgs,0.0,6,aa21e4c9-a055-4238-a8bd-dc8a993e2da4,3.0,,"['matt', 'only did 4 reps']",5aa35456880e87b3f32ddf7c,150,ec16e6cb-29c1-4e2b-8235-cbd36efac63b
77926,aad7c163-6441-4816-8835-2dcd9b47438b,0.0,,bench,2018-05-08T23:15:48.137Z,kgs,0.0,10,aad7c163-6441-4816-8835-2dcd9b47438b,4.0,,['elisa'],5aa35456880e87b3f32ddf7c,42,01aff772-84bf-4a7b-8bb4-17863086714a
77996,ab075a72-2672-4412-aada-6d6d6fcd4b2c,0.0,,squat,2018-05-16T17:08:47.989Z,kgs,0.0,10,ab075a72-2672-4412-aada-6d6d6fcd4b2c,15.0,,['mimi'],5aa35456880e87b3f32ddf7c,90,21b51e5a-6a80-48d8-827b-b2309f4cd405
78137,ab5aae8b-d8c5-4bc2-aeb9-715e32f45b88,0.0,,squat,2018-05-26T18:39:50.983Z,kgs,0.0,9,ab5aae8b-d8c5-4bc2-aeb9-715e32f45b88,3.0,,['chase'],5aa35456880e87b3f32ddf7c,145,a652b098-c05c-4b3f-bb8e-ad5042879f73
78287,abb2617a-fa2b-4952-8f6a-7a45ea341ef0,0.0,,squat,2018-05-19T15:51:15.733Z,kgs,0.0,7,abb2617a-fa2b-4952-8f6a-7a45ea341ef0,29.0,,['elisa'],5aa35456880e87b3f32ddf7c,82.5,870ca10a-1f71-4cbf-a3f8-6ef0f0cc56c1
79056,ad7403f4-44a9-44a0-9346-aed14e1cf045,0.0,,bench,2018-05-12T16:54:05.349Z,kgs,0.0,< 5.5,ad7403f4-44a9-44a0-9346-aed14e1cf045,18.0,,"['elisa', '5 rpe']",5aa35456880e87b3f32ddf7c,36,bafb2bf6-d950-4ac8-a254-42f60e9eebe4
79144,ada2bca3-1006-4da5-8e6e-1de6801c4335,0.0,,squat,2018-05-15T22:31:42.496Z,kgs,0.0,< 5.5,ada2bca3-1006-4da5-8e6e-1de6801c4335,8.0,,"['chase', '3.5 rpe']",5aa35456880e87b3f32ddf7c,110,c1d046a3-bf4e-4ba8-a43a-2568a3b21620
79318,ae091e6e-a3a9-48b4-ab9c-972cb085bc6a,0.0,,bench,2018-05-16T01:18:56.446Z,kgs,0.0,< 5.5,ae091e6e-a3a9-48b4-ab9c-972cb085bc6a,46.0,,"['harr', '5 rpe']",5aa35456880e87b3f32ddf7c,55,c1d046a3-bf4e-4ba8-a43a-2568a3b21620
79620,aeaec592-80ea-416e-a6c8-7f42d801da12,0.0,,squat,2018-05-14T23:21:34.641Z,kgs,0.0,7.5,aeaec592-80ea-416e-a6c8-7f42d801da12,3.0,,['mimi'],5aa35456880e87b3f32ddf7c,77,8ece7813-09a3-4117-bcae-c1487e37dfb4
79802,af30ef47-546d-43e4-9418-58c2f3cf3ab6,0.0,,squat,2018-05-09T00:29:06.488Z,kgs,0.0,6,af30ef47-546d-43e4-9418-58c2f3cf3ab6,3.0,,['harr'],5aa35456880e87b3f32ddf7c,90,b7248c31-b8e1-4d51-9201-536ac8536e73
80042,afaf7c7e-860c-4fc0-8820-42eb71c4dff1,0.0,,bench,2018-05-26T17:01:52.498Z,kgs,0.0,6,afaf7c7e-860c-4fc0-8820-42eb71c4dff1,7.0,,['matt'],5aa35456880e87b3f32ddf7c,105,c4febac1-c026-4828-950a-d5c377810f42
80962,b1ced7ee-2e57-450a-9ac9-a69cc525baab,1.0,,squat,2018-05-08T22:34:32.024Z,kgs,1.0,,b1ced7ee-2e57-450a-9ac9-a69cc525baab,10.0,,['elisa'],58ace5bd6ca711fcd8cb7b39,82.5,dc7cace1-274d-487c-ba35-7bc957b7097b
81255,b26ad402-00b7-42cd-a695-b6106e2583c5,0.0,,squat,2018-05-26T15:50:58.032Z,kgs,0.0,7,b26ad402-00b7-42cd-a695-b6106e2583c5,2.0,,['matt'],5aa35456880e87b3f32ddf7c,160,c4febac1-c026-4828-950a-d5c377810f42
81337,b29c58ab-0a35-4d33-98aa-236f39e6dad6,0.0,,squat,2018-05-15T22:07:44.719Z,kgs,0.0,< 5.5,b29c58ab-0a35-4d33-98aa-236f39e6dad6,1.0,,"['elisa', '5 rpe']",5aa35456880e87b3f32ddf7c,50,c1d046a3-bf4e-4ba8-a43a-2568a3b21620
81484,b2f4174b-3b52-4d63-8d46-1d823bf82eff,0.0,,squat,2018-05-15T22:09:49.112Z,kgs,0.0,< 5.5,b2f4174b-3b52-4d63-8d46-1d823bf82eff,2.0,,"['elisa', '5.5 rpe']",5aa35456880e87b3f32ddf7c,54,c1d046a3-bf4e-4ba8-a43a-2568a3b21620
81547,b3203fb7-17f5-4e3b-9d6e-414c0dee4812,0.0,,,2018-05-10T00:51:11.726Z,kgs,0.0,,b3203fb7-17f5-4e3b-9d6e-414c0dee4812,6.0,,[],58ace5bd6ca711fcd8cb7b39,,1b9a1147-0192-4db3-ae90-e15fc0cdafbe
81889,b3d9b897-4f80-4d5a-b3c3-b65b0f8891fa,1.0,,,2018-05-08T22:28:19.983Z,kgs,0.0,,b3d9b897-4f80-4d5a-b3c3-b65b0f8891fa,8.0,,[],58ace5bd6ca711fcd8cb7b39,,dc7cace1-274d-487c-ba35-7bc957b7097b
81919,b3e8b53a-411e-44d7-b64a-19505474b413,0.0,,bench,2018-05-12T17:18:14.742Z,kgs,0.0,7,b3e8b53a-411e-44d7-b64a-19505474b413,20.0,,['elisa'],5aa35456880e87b3f32ddf7c,40,bafb2bf6-d950-4ac8-a254-42f60e9eebe4
81994,b418fa8b-79ce-474d-b8be-16db90889d50,0.0,,bench,2018-05-12T13:14:27.582Z,kgs,0.0,< 5.5,b418fa8b-79ce-474d-b8be-16db90889d50,7.0,,"['harr', '5.5 rpe']",5aa35456880e87b3f32ddf7c,55,ac1ca1f7-552e-4350-a77d-9ee0287d5aa2
82105,b45890d9-dfbe-4839-807d-430236abd259,0.0,,squat,2018-05-22T23:18:16.672Z,kgs,0.0,7.5,b45890d9-dfbe-4839-807d-430236abd259,5.0,,['matt'],5aa35456880e87b3f32ddf7c,147.5,0e6dd975-b54d-4e4d-ab2f-d240105f4697
82424,b51ab1fc-47f7-4f23-a1f0-368d3bebf2ca,0.0,,bench,2018-05-16T00:20:48.291Z,kgs,0.0,10,b51ab1fc-47f7-4f23-a1f0-368d3bebf2ca,39.0,,['matt'],5aa35456880e87b3f32ddf7c,111,c1d046a3-bf4e-4ba8-a43a-2568a3b21620
82495,b5449fcf-6299-4d0b-bbed-76da3931fc9e,0.0,,squat,2018-05-17T22:43:30.737Z,kgs,0.0,7.5,b5449fcf-6299-4d0b-bbed-76da3931fc9e,9.0,,['chase'],5aa35456880e87b3f32ddf7c,137.5,069415c7-5299-4dd3-a548-e201d5fa7c81
82880,b63137df-8dc3-431f-86af-c6644bd8b193,0.0,,squat,2018-05-25T00:11:20.574Z,kgs,0.0,10,b63137df-8dc3-431f-86af-c6644bd8b193,13.0,,"['mimi ', 'failed rep 4']",5aa35456880e87b3f32ddf7c,100,7e166282-3e2e-4b31-b419-8f70734fc65e
82980,b665eeee-e26f-4514-931c-d140fa310f3d,0.0,,bench,2018-05-11T02:19:58.323Z,kgs,0.0,9,b665eeee-e26f-4514-931c-d140fa310f3d,22.0,,['harr'],5aa35456880e87b3f32ddf7c,80,0731b594-a678-4294-9b68-9285f8a1f0a5
83091,b6a9aa22-9db0-40b5-a17c-62b828cada93,0.0,,bench,2018-05-19T16:40:19.615Z,kgs,0.0,10,b6a9aa22-9db0-40b5-a17c-62b828cada93,42.0,,['mimi'],5aa35456880e87b3f32ddf7c,40,870ca10a-1f71-4cbf-a3f8-6ef0f0cc56c1
83228,b6fa84df-0776-4877-b592-1d3c8fbaa1c7,0.0,,squat,2018-05-15T23:01:55.493Z,kgs,0.0,8.5,b6fa84df-0776-4877-b592-1d3c8fbaa1c7,18.0,,['elisa'],5aa35456880e87b3f32ddf7c,74,c1d046a3-bf4e-4ba8-a43a-2568a3b21620
83346,b744296f-3fba-4e22-9271-0f98f0048097,0.0,,bench,2018-05-21T23:46:21.510Z,kgs,0.0,9.5,b744296f-3fba-4e22-9271-0f98f0048097,9.0,,['chase'],5aa35456880e87b3f32ddf7c,82,1ba53e08-ded3-468b-8916-ba110f3ccb76
83467,b782726e-115c-439c-84cb-eec6e8b7279f,0.0,,bench,2018-05-21T23:30:00.126Z,kgs,0.0,6,b782726e-115c-439c-84cb-eec6e8b7279f,7.0,,['chase'],5aa35456880e87b3f32ddf7c,74,1ba53e08-ded3-468b-8916-ba110f3ccb76
83474,b786c880-7ed7-480f-becf-2d500b62dffe,0.0,,squat,2018-05-16T00:52:09.343Z,kgs,0.0,8.5,b786c880-7ed7-480f-becf-2d500b62dffe,44.0,,['harr'],5aa35456880e87b3f32ddf7c,110,c1d046a3-bf4e-4ba8-a43a-2568a3b21620
83541,b7a47682-d68c-440f-ad60-d019245b4670,0.0,,squat,2018-05-12T16:04:11.604Z,kgs,0.0,6,b7a47682-d68c-440f-ad60-d019245b4670,8.0,,['elisa'],5aa35456880e87b3f32ddf7c,74,bafb2bf6-d950-4ac8-a254-42f60e9eebe4
83648,b7e413a3-5f76-4085-a40b-b695c67607bf,0.0,,squat,2018-05-15T22:19:35.194Z,kgs,0.0,6,b7e413a3-5f76-4085-a40b-b695c67607bf,4.0,,['elisa'],5aa35456880e87b3f32ddf7c,58,c1d046a3-bf4e-4ba8-a43a-2568a3b21620
83673,b7f14ec3-c64f-4538-8be2-7230e0435419,0.0,,squat,2018-05-16T17:04:25.483Z,kgs,0.0,9,b7f14ec3-c64f-4538-8be2-7230e0435419,14.0,,['adam'],5aa35456880e87b3f32ddf7c,97.5,21b51e5a-6a80-48d8-827b-b2309f4cd405
84138,b8e2208b-b88f-478a-9570-d7a46ebe93f8,0.0,,squat,2018-05-23T22:51:57.912Z,kgs,0.0,< 5.5,b8e2208b-b88f-478a-9570-d7a46ebe93f8,2.0,,"['chase', '5 rpe']",5aa35456880e87b3f32ddf7c,142.5,ea75c10c-b19e-4984-8b6f-66a0227d0674
84372,b95e509e-86da-4b4f-ad3b-5136a47fc722,0.0,,squat,2018-05-15T22:22:24.216Z,kgs,0.0,< 5.5,b95e509e-86da-4b4f-ad3b-5136a47fc722,5.0,,"['matt', '5 rpe']",5aa35456880e87b3f32ddf7c,116,c1d046a3-bf4e-4ba8-a43a-2568a3b21620
84848,ba62b29a-0fc4-4dda-a9c8-501725cdfa32,0.0,,squat,2018-05-08T22:38:08.697Z,kgs,0.0,8.5,ba62b29a-0fc4-4dda-a9c8-501725cdfa32,11.0,,['elisa'],58ace5bd6ca711fcd8cb7b39,82.5,dc7cace1-274d-487c-ba35-7bc957b7097b
84998,babf7382-31cb-4088-b603-6661078c386d,0.0,,bench,2018-05-17T23:45:27.775Z,kgs,0.0,8.5,babf7382-31cb-4088-b603-6661078c386d,24.0,,['elisa'],5aa35456880e87b3f32ddf7c,47.5,069415c7-5299-4dd3-a548-e201d5fa7c81
85094,baf71b71-2199-49d5-84b4-ba400650a0db,0.0,,bench,2018-05-08T23:07:25.600Z,kgs,0.0,< 5.5,baf71b71-2199-49d5-84b4-ba400650a0db,1.0,,"['elisa', '5.5 rpe ']",5aa35456880e87b3f32ddf7c,34,01aff772-84bf-4a7b-8bb4-17863086714a
85377,bb90b816-4fe0-4741-adf4-9aca9e87c6d0,0.0,,squat,2018-05-23T00:13:22.548Z,kgs,0.0,6,bb90b816-4fe0-4741-adf4-9aca9e87c6d0,10.0,,['mimi'],5aa35456880e87b3f32ddf7c,72.5,0e6dd975-b54d-4e4d-ab2f-d240105f4697
85819,bc8a89c4-16fe-4177-b4af-fd62144a5977,1.0,,,2018-05-10T23:40:19.787Z,kgs,0.0,,bc8a89c4-16fe-4177-b4af-fd62144a5977,3.0,,[],58ace5bd6ca711fcd8cb7b39,,5d679e1d-e559-4d1a-89b0-c227b76e69a6
85834,bc93e712-91e1-41e8-88da-b334e5ad13f3,0.0,,squat,2018-05-15T23:16:22.065Z,kgs,0.0,9,bc93e712-91e1-41e8-88da-b334e5ad13f3,21.0,,['chase'],5aa35456880e87b3f32ddf7c,162.5,c1d046a3-bf4e-4ba8-a43a-2568a3b21620
85912,bcc40ab5-5197-4ad4-9fd8-5bbdbd3547c1,0.0,,bench,2018-05-19T16:14:38.631Z,kgs,0.0,< 5.5,bcc40ab5-5197-4ad4-9fd8-5bbdbd3547c1,36.0,,"['mimi', '5 rpe']",5aa35456880e87b3f32ddf7c,30,870ca10a-1f71-4cbf-a3f8-6ef0f0cc56c1
86080,bd20ce25-8171-40e2-a6cc-7d5d424dcdb7,0.0,,bench,2018-05-15T00:25:57.337Z,kgs,0.0,8,bd20ce25-8171-40e2-a6cc-7d5d424dcdb7,11.0,,['mimi'],5aa35456880e87b3f32ddf7c,42.5,8ece7813-09a3-4117-bcae-c1487e37dfb4
88265,c1b894ff-ec9d-4b02-8418-b7a4cddc439e,0.0,,squat,2018-05-11T00:43:17.918Z,kgs,0.0,< 5.5,c1b894ff-ec9d-4b02-8418-b7a4cddc439e,8.0,,"['harr', '5 rpe']",5aa35456880e87b3f32ddf7c,105,0731b594-a678-4294-9b68-9285f8a1f0a5
88378,c1f8e77a-689a-4e14-9f29-4239c2cc0b69,0.0,,bench,2018-05-19T16:12:35.563Z,kgs,0.0,10,c1f8e77a-689a-4e14-9f29-4239c2cc0b69,35.0,,['matt'],5aa35456880e87b3f32ddf7c,120,870ca10a-1f71-4cbf-a3f8-6ef0f0cc56c1
88543,c24cba29-91f9-46cd-8e97-1d4893a8b72d,0.0,,,2018-05-16T01:49:47.500Z,kgs,0.0,,c24cba29-91f9-46cd-8e97-1d4893a8b72d,2.0,,[],58ace5bd6ca711fcd8cb7b39,,bbad5df7-259c-4f9b-9cdc-c824d1418889
88863,c3071c95-0ff6-4de7-b9f8-2630e8fd293e,0.0,,bench,2018-05-18T01:46:25.199Z,kgs,0.0,8.5,c3071c95-0ff6-4de7-b9f8-2630e8fd293e,43.0,,['harr'],5aa35456880e87b3f32ddf7c,77.5,069415c7-5299-4dd3-a548-e201d5fa7c81
88889,c3167415-92ad-4d3b-9c5d-e6c8e48c2f94,0.0,,bench,2018-05-13T19:34:29.568Z,kgs,0.0,< 5.5,c3167415-92ad-4d3b-9c5d-e6c8e48c2f94,9.0,,"['chase', '5 rpe']",5aa35456880e87b3f32ddf7c,64,5fbdf0dd-adc7-4221-9ced-8514e5ee9d04
89007,c35b4785-69e2-4aae-bfe9-f15d705661f5,0.0,,squat,2018-05-23T23:11:49.175Z,kgs,0.0,9.5,c35b4785-69e2-4aae-bfe9-f15d705661f5,5.0,,['chase'],5aa35456880e87b3f32ddf7c,165,ea75c10c-b19e-4984-8b6f-66a0227d0674
89237,c3db03b8-a692-4ac8-9d40-972fdfdef2b9,0.0,,squat,2018-05-14T23:36:59.243Z,kgs,0.0,9,c3db03b8-a692-4ac8-9d40-972fdfdef2b9,6.0,,['mimi'],5aa35456880e87b3f32ddf7c,90.5,8ece7813-09a3-4117-bcae-c1487e37dfb4
89743,c50955bb-7668-4507-a002-5968886ffc33,0.0,,bench,2018-05-18T18:44:25.781Z,kgs,0.0,< 5.5,c50955bb-7668-4507-a002-5968886ffc33,6.0,,"['adam', '5 rpe']",5aa35456880e87b3f32ddf7c,70,f9beacc0-676b-49f5-8f0b-e5b397918574
89926,c5746e0a-a7fa-4100-9218-c691a9cd2e1e,0.0,,bench,2018-05-16T18:03:20.268Z,kgs,0.0,9.5,c5746e0a-a7fa-4100-9218-c691a9cd2e1e,28.0,,"['mimi ', 'redo']",5aa35456880e87b3f32ddf7c,42.5,21b51e5a-6a80-48d8-827b-b2309f4cd405
90028,c5a8c078-603e-4ed3-9c98-25bd3db8b037,0.0,,squat,2018-05-12T15:37:35.392Z,kgs,0.0,< 5.5,c5a8c078-603e-4ed3-9c98-25bd3db8b037,4.0,,"['elisa', '5 rpe']",5aa35456880e87b3f32ddf7c,65,bafb2bf6-d950-4ac8-a254-42f60e9eebe4
90415,c694e3d7-d1ed-4d47-8fe4-63dbbb4d1f5e,0.0,,squat,2018-05-11T00:31:48.865Z,kgs,0.0,< 5.5,c694e3d7-d1ed-4d47-8fe4-63dbbb4d1f5e,6.0,,"['harr', '5 rpe']",5aa35456880e87b3f32ddf7c,95,0731b594-a678-4294-9b68-9285f8a1f0a5
90974,c7bd2a92-5e21-4253-91e3-9ca5eb4d67e2,0.0,,squat,2018-05-24T22:56:28.196Z,kgs,,,c7bd2a92-5e21-4253-91e3-9ca5eb4d67e2,3.0,,['matt'],5aa35456880e87b3f32ddf7c,,500da55e-ed20-4dd5-bad2-5a12c01aa1a9
91091,c7fa5404-60d9-4bbc-9850-b2da05cbb7b0,0.0,,bench,2018-05-12T13:38:47.399Z,kgs,0.0,6.5,c7fa5404-60d9-4bbc-9850-b2da05cbb7b0,10.0,,['harr'],5aa35456880e87b3f32ddf7c,62.5,ac1ca1f7-552e-4350-a77d-9ee0287d5aa2
91098,c7fb9d95-78df-4640-b3c4-26c755901f40,0.0,,bench,2018-05-23T00:41:06.541Z,kgs,0.0,9.5,c7fb9d95-78df-4640-b3c4-26c755901f40,19.0,,['matt'],5aa35456880e87b3f32ddf7c,110,0e6dd975-b54d-4e4d-ab2f-d240105f4697
91323,c88306b5-0b14-460d-91ac-67518a997b4c,0.0,,bench,2018-05-16T01:58:22.421Z,kgs,0.0,10,c88306b5-0b14-460d-91ac-67518a997b4c,51.0,,['harr'],5aa35456880e87b3f32ddf7c,67.5,c1d046a3-bf4e-4ba8-a43a-2568a3b21620
91441,c8ba3da5-68fb-44db-a08e-8d7cec5c8ad6,0.0,,bench,2018-05-25T00:46:46.298Z,kgs,0.0,7.5,c8ba3da5-68fb-44db-a08e-8d7cec5c8ad6,21.0,,['matt'],5aa35456880e87b3f32ddf7c,125,7e166282-3e2e-4b31-b419-8f70734fc65e
91777,c96abc87-7c67-40cc-a192-6367801362da,0.0,,squat,2018-05-09T00:35:52.127Z,kgs,0.0,7,c96abc87-7c67-40cc-a192-6367801362da,4.0,,['harr'],5aa35456880e87b3f32ddf7c,100,b7248c31-b8e1-4d51-9201-536ac8536e73
92372,cab103a5-1704-41b6-a5c2-986edb728dcb,0.0,,squat,2018-05-21T23:04:31.258Z,kgs,0.0,9.5,cab103a5-1704-41b6-a5c2-986edb728dcb,5.0,,['chase'],5aa35456880e87b3f32ddf7c,140,1ba53e08-ded3-468b-8916-ba110f3ccb76
92735,cb86c4a5-b25b-415c-85b4-551bd16febd5,0.0,,squat,2018-05-19T16:06:19.960Z,kgs,0.0,9,cb86c4a5-b25b-415c-85b4-551bd16febd5,34.0,,['elisa'],5aa35456880e87b3f32ddf7c,91.5,870ca10a-1f71-4cbf-a3f8-6ef0f0cc56c1
92750,cb90acd6-ab2f-4b99-92a5-fb492c55a0c8,0.0,,bench,2018-05-26T19:13:03.853Z,kgs,0.0,8,cb90acd6-ab2f-4b99-92a5-fb492c55a0c8,6.0,,['chase'],5aa35456880e87b3f32ddf7c,83,a652b098-c05c-4b3f-bb8e-ad5042879f73
93044,cc29b0b3-5e9f-45ad-917e-ec5f4896b383,0.0,,bench,2018-05-23T00:25:55.866Z,kgs,0.0,6.5,cc29b0b3-5e9f-45ad-917e-ec5f4896b383,15.0,,['matt'],5aa35456880e87b3f32ddf7c,100,0e6dd975-b54d-4e4d-ab2f-d240105f4697
93378,cce5eb86-5950-4bd3-8e20-b231d98c0db1,0.0,,bench,2018-05-23T01:09:52.710Z,kgs,0.0,7,cce5eb86-5950-4bd3-8e20-b231d98c0db1,25.0,,['mimi'],5aa35456880e87b3f32ddf7c,42.5,0e6dd975-b54d-4e4d-ab2f-d240105f4697
93497,cd362ada-3f19-46d1-851e-d270a12d47ff,0.0,,squat,2018-05-23T22:56:57.848Z,kgs,0.0,7,cd362ada-3f19-46d1-851e-d270a12d47ff,3.0,,['chase'],5aa35456880e87b3f32ddf7c,150,ea75c10c-b19e-4984-8b6f-66a0227d0674
93546,cd5062d6-7162-49b0-9cb5-0d50ed2e5867,0.0,,squat,2018-05-10T22:18:21.138Z,kgs,0.0,6.5,cd5062d6-7162-49b0-9cb5-0d50ed2e5867,2.0,,['elisa'],5aa35456880e87b3f32ddf7c,82.5,0ebb7ef9-06c9-4a3f-aee6-45c16d65e3f5
93846,cdf2d3b1-7c88-44b8-b179-919e5ceee4a5,0.0,,squat,2018-05-12T12:24:45.276Z,kgs,0.0,7,cdf2d3b1-7c88-44b8-b179-919e5ceee4a5,2.0,,['harr'],5aa35456880e87b3f32ddf7c,100,ac1ca1f7-552e-4350-a77d-9ee0287d5aa2
94184,ceb63f6d-7f11-4a8a-82da-6b83dba16d3a,0.0,,bench,2018-05-15T23:26:51.556Z,kgs,0.0,< 5.5,ceb63f6d-7f11-4a8a-82da-6b83dba16d3a,23.0,,"['elisa', '5 rpe']",5aa35456880e87b3f32ddf7c,30.5,c1d046a3-bf4e-4ba8-a43a-2568a3b21620
94275,cee2984a-0c22-4acd-be03-d5daa5278e15,0.0,,squat,2018-05-17T22:15:18.228Z,kgs,0.0,6,cee2984a-0c22-4acd-be03-d5daa5278e15,2.0,,['elisa'],5aa35456880e87b3f32ddf7c,79,069415c7-5299-4dd3-a548-e201d5fa7c81
94351,cf01a86c-27bd-482a-9cfc-fa8272de86cb,0.0,,bench,2018-05-16T00:06:04.919Z,kgs,0.0,7,cf01a86c-27bd-482a-9cfc-fa8272de86cb,36.0,,['matt'],5aa35456880e87b3f32ddf7c,97.5,c1d046a3-bf4e-4ba8-a43a-2568a3b21620
94354,cf034eca-0769-4f80-bc18-85cb9164bfb0,0.0,,bench,2018-05-15T00:34:46.237Z,kgs,0.0,8,cf034eca-0769-4f80-bc18-85cb9164bfb0,12.0,,['mimi'],5aa35456880e87b3f32ddf7c,45,8ece7813-09a3-4117-bcae-c1487e37dfb4
94455,cf452616-946d-4efa-b73a-a0fc5b5fbd36,0.0,,bench,2018-05-18T19:29:43.313Z,kgs,0.0,9,cf452616-946d-4efa-b73a-a0fc5b5fbd36,12.0,,['adam'],5aa35456880e87b3f32ddf7c,85,f9beacc0-676b-49f5-8f0b-e5b397918574
95014,d06b5765-a53b-4d94-b0e6-c785d850114e,0.0,,bench,2018-05-18T01:59:31.612Z,kgs,0.0,9,d06b5765-a53b-4d94-b0e6-c785d850114e,45.0,,['harr'],5aa35456880e87b3f32ddf7c,82.5,069415c7-5299-4dd3-a548-e201d5fa7c81
95029,d072e00c-89ac-46a3-97ef-c81ba3b4f9e8,0.0,,squat,2018-05-11T01:31:17.420Z,kgs,0.0,9.5,d072e00c-89ac-46a3-97ef-c81ba3b4f9e8,13.0,,['harr'],5aa35456880e87b3f32ddf7c,130,0731b594-a678-4294-9b68-9285f8a1f0a5
95213,d0e13f1b-86e2-462f-a5c6-3d2c6db2a63e,0.0,,bench,2018-05-13T19:45:15.044Z,kgs,0.0,7,d0e13f1b-86e2-462f-a5c6-3d2c6db2a63e,11.0,,['chase'],5aa35456880e87b3f32ddf7c,74,5fbdf0dd-adc7-4221-9ced-8514e5ee9d04
96165,d2f95cb4-9832-461d-9372-ef5154a6d788,0.0,,squat,2018-05-11T00:50:50.555Z,kgs,0.0,6,d2f95cb4-9832-461d-9372-ef5154a6d788,9.0,,['harr'],5aa35456880e87b3f32ddf7c,110,0731b594-a678-4294-9b68-9285f8a1f0a5
97552,d5f56970-189f-4970-8ef1-71f2004119cd,0.0,,bench,2018-05-09T01:16:15.880Z,kgs,0.0,< 5.5,d5f56970-189f-4970-8ef1-71f2004119cd,7.0,,"['harr', '3 rpe']",5aa35456880e87b3f32ddf7c,40,b7248c31-b8e1-4d51-9201-536ac8536e73
97611,d61f096e-8b3d-486f-bc77-d01a570aae71,0.0,,bench,2018-05-23T01:07:12.830Z,kgs,0.0,6.5,d61f096e-8b3d-486f-bc77-d01a570aae71,24.0,,['mimi'],5aa35456880e87b3f32ddf7c,40,0e6dd975-b54d-4e4d-ab2f-d240105f4697
97858,d6a2cfaa-a708-4a91-92d2-cb61ad79643b,0.0,,squat,2018-05-19T16:00:30.518Z,kgs,0.0,8,d6a2cfaa-a708-4a91-92d2-cb61ad79643b,32.0,,['elisa'],5aa35456880e87b3f32ddf7c,87,870ca10a-1f71-4cbf-a3f8-6ef0f0cc56c1
98337,d7a6a950-b120-4121-b145-1765f1f196ab,0.0,,bench,2018-05-25T00:16:39.011Z,lbs,0.0,< 5.5,d7a6a950-b120-4121-b145-1765f1f196ab,14.0,,"['bench ', '5 rpe']",5aa35456880e87b3f32ddf7c,242,7e166282-3e2e-4b31-b419-8f70734fc65e
98684,d865e836-5fa7-40dc-b668-4a72234e78e6,0.0,,bench,2018-05-18T19:03:33.767Z,kgs,0.0,7.5,d865e836-5fa7-40dc-b668-4a72234e78e6,9.0,,['adam'],5aa35456880e87b3f32ddf7c,77.5,f9beacc0-676b-49f5-8f0b-e5b397918574
99021,d936f4f7-c68e-4b17-abae-a0c4301122d1,0.0,,bench,2018-05-12T16:07:19.393Z,kgs,0.0,6,d936f4f7-c68e-4b17-abae-a0c4301122d1,9.0,,"['mimi', 'miscount']",5aa35456880e87b3f32ddf7c,30,bafb2bf6-d950-4ac8-a254-42f60e9eebe4
99031,d939f202-ce4d-4122-8717-6f2f028ec867,0.0,,bench,2018-05-12T17:37:15.366Z,kgs,0.0,10,d939f202-ce4d-4122-8717-6f2f028ec867,23.0,,['elisa'],5aa35456880e87b3f32ddf7c,46,bafb2bf6-d950-4ac8-a254-42f60e9eebe4
99047,d9413c71-825e-4869-bf87-e9e063c3d3b4,0.0,,bench,2018-05-15T00:17:59.684Z,kgs,0.0,7.5,d9413c71-825e-4869-bf87-e9e063c3d3b4,10.0,,"['bug', 'maybe?', 'mimi']",5aa35456880e87b3f32ddf7c,40,8ece7813-09a3-4117-bcae-c1487e37dfb4
99415,da0da59d-8672-4333-80ca-e5c1f6d771ce,0.0,,bench,2018-05-19T15:16:26.783Z,kgs,0.0,7,da0da59d-8672-4333-80ca-e5c1f6d771ce,14.0,,['harr'],5aa35456880e87b3f32ddf7c,65,870ca10a-1f71-4cbf-a3f8-6ef0f0cc56c1
99459,da2a70fa-1a7c-42d2-9c82-25a2be7d79d9,0.0,,bench,2018-05-17T23:40:52.687Z,lbs,0.0,< 5.5,da2a70fa-1a7c-42d2-9c82-25a2be7d79d9,22.0,,"['matt', '5 rpe']",5aa35456880e87b3f32ddf7c,240,069415c7-5299-4dd3-a548-e201d5fa7c81
99550,da5b80ba-e222-4e4a-9d1a-db3a52e96320,0.0,,squat,2018-05-19T15:24:58.198Z,kgs,0.0,6.5,da5b80ba-e222-4e4a-9d1a-db3a52e96320,18.0,,['mimi'],5aa35456880e87b3f32ddf7c,75,870ca10a-1f71-4cbf-a3f8-6ef0f0cc56c1
100329,dc05184e-78b2-4e6f-b66c-8f0f32d2125e,0.0,,bench,2018-05-11T01:42:17.471Z,kgs,0.0,< 5.5,dc05184e-78b2-4e6f-b66c-8f0f32d2125e,14.0,,"['harr', '4 rpe']",5aa35456880e87b3f32ddf7c,60,0731b594-a678-4294-9b68-9285f8a1f0a5
100862,dd287718-3f43-46d6-bc49-d54e286ef457,0.0,,squat,2018-05-19T15:33:41.876Z,kgs,0.0,< 5.5,dd287718-3f43-46d6-bc49-d54e286ef457,21.0,,"['elisa', '5.5 rpe']",5aa35456880e87b3f32ddf7c,69,870ca10a-1f71-4cbf-a3f8-6ef0f0cc56c1
101003,dd89dc9f-e17f-4c5c-8e6f-4bcd05695073,0.0,,squat,2018-05-15T22:36:31.502Z,kgs,0.0,< 5.5,dd89dc9f-e17f-4c5c-8e6f-4bcd05695073,10.0,,"['chase', '5 rpe']",5aa35456880e87b3f32ddf7c,130,c1d046a3-bf4e-4ba8-a43a-2568a3b21620
101073,ddacebc3-a6e2-4260-9a10-bdef84c4da5c,0.0,,bench,2018-05-18T00:05:45.084Z,lbs,0.0,10,ddacebc3-a6e2-4260-9a10-bdef84c4da5c,29.0,,['matt'],5aa35456880e87b3f32ddf7c,295,069415c7-5299-4dd3-a548-e201d5fa7c81
101196,ddf12a67-5363-4b20-b208-20cd5454965b,0.0,,bench,2018-05-09T01:27:12.176Z,kgs,0.0,< 5.5,ddf12a67-5363-4b20-b208-20cd5454965b,9.0,,"['harr', '4 rpe']",5aa35456880e87b3f32ddf7c,50,b7248c31-b8e1-4d51-9201-536ac8536e73
101546,dea69818-a343-4876-b262-dbce18d39c25,0.0,,bench,2018-05-11T01:57:49.435Z,kgs,0.0,6,dea69818-a343-4876-b262-dbce18d39c25,18.0,,['harr'],5aa35456880e87b3f32ddf7c,70,0731b594-a678-4294-9b68-9285f8a1f0a5
101939,df8eecb2-38d2-4b8d-8b73-8448f206ae4d,0.0,,squat,2018-05-10T22:29:08.030Z,kgs,0.0,9,df8eecb2-38d2-4b8d-8b73-8448f206ae4d,4.0,,['elisa'],5aa35456880e87b3f32ddf7c,97.5,0ebb7ef9-06c9-4a3f-aee6-45c16d65e3f5
102002,dfbc6d4d-026e-401b-ba4f-91a176591683,0.0,,squat,2018-05-11T00:20:14.406Z,kgs,0.0,< 5.5,dfbc6d4d-026e-401b-ba4f-91a176591683,3.0,,"['harr', '3 rpe ']",5aa35456880e87b3f32ddf7c,80,0731b594-a678-4294-9b68-9285f8a1f0a5
102223,e03f2b08-4e05-4d81-b09f-0a697f9b4b3d,0.0,,bench,2018-05-09T01:45:24.384Z,kgs,0.0,7,e03f2b08-4e05-4d81-b09f-0a697f9b4b3d,12.0,,['harr'],5aa35456880e87b3f32ddf7c,65,b7248c31-b8e1-4d51-9201-536ac8536e73
102697,e13ce3d2-3660-4074-bb5c-14107fcf27a2,0.0,,squat,2018-05-22T22:37:30.894Z,kgs,0.0,< 5.5,e13ce3d2-3660-4074-bb5c-14107fcf27a2,1.0,,"['matt', '5 rpe']",5aa35456880e87b3f32ddf7c,107.5,0e6dd975-b54d-4e4d-ab2f-d240105f4697
103553,e3088832-cefc-4ee1-b254-db5fd324d752,0.0,,squat,2018-05-19T14:54:26.748Z,kgs,0.0,6,e3088832-cefc-4ee1-b254-db5fd324d752,7.0,,['matt'],5aa35456880e87b3f32ddf7c,152.5,870ca10a-1f71-4cbf-a3f8-6ef0f0cc56c1
103761,e37ee8af-7026-4d88-9247-808aeae854b8,0.0,,squat,2018-05-17T22:30:39.014Z,kgs,0.0,< 5.5,e37ee8af-7026-4d88-9247-808aeae854b8,5.0,,"['matt', '4 rpe']",5aa35456880e87b3f32ddf7c,145,069415c7-5299-4dd3-a548-e201d5fa7c81
104542,e52bb42d-bc5e-400c-a1ee-2510d29f2ba5,0.0,,squat,2018-05-23T22:36:58.948Z,kgs,0.0,< 5.5,e52bb42d-bc5e-400c-a1ee-2510d29f2ba5,1.0,,"['chase', '4 rpe']",5aa35456880e87b3f32ddf7c,135,ea75c10c-b19e-4984-8b6f-66a0227d0674
104544,e52c3e38-c2a4-4d16-b35c-2d2e3152733b,0.0,,squat,2018-05-26T17:19:17.573Z,kgs,0.0,8,e52c3e38-c2a4-4d16-b35c-2d2e3152733b,9.0,,['matt'],5aa35456880e87b3f32ddf7c,115,c4febac1-c026-4828-950a-d5c377810f42
104698,e58c24fa-522f-4086-ab2f-2dfb2c3f0dbb,0.0,,squat,2018-05-14T23:05:13.118Z,kgs,0.0,< 5.5,e58c24fa-522f-4086-ab2f-2dfb2c3f0dbb,1.0,,"['5.5', 'mimi']",5aa35456880e87b3f32ddf7c,67.5,8ece7813-09a3-4117-bcae-c1487e37dfb4
104946,e61864be-3416-4598-8a59-8f665279afe5,0.0,,squat,2018-05-17T22:21:24.183Z,kgs,0.0,< 5.5,e61864be-3416-4598-8a59-8f665279afe5,3.0,,"['matt', '4 rpe']",5aa35456880e87b3f32ddf7c,125,069415c7-5299-4dd3-a548-e201d5fa7c81
104952,e61baeaf-08dd-4c17-806e-e041cfb8789f,0.0,,squat,2018-05-26T18:31:46.324Z,kgs,0.0,7.5,e61baeaf-08dd-4c17-806e-e041cfb8789f,2.0,,['chase'],5aa35456880e87b3f32ddf7c,137.5,a652b098-c05c-4b3f-bb8e-ad5042879f73
105168,e6a2d863-6d8d-45fd-b402-724c33146a22,0.0,,bench,2018-05-15T23:55:15.044Z,kgs,0.0,8,e6a2d863-6d8d-45fd-b402-724c33146a22,31.0,,['elisa'],5aa35456880e87b3f32ddf7c,38,c1d046a3-bf4e-4ba8-a43a-2568a3b21620
105195,e6b36d0d-3ba4-4573-9690-ec960b1218c6,0.0,,bench,2018-05-18T00:05:04.609Z,kgs,0.0,10,e6b36d0d-3ba4-4573-9690-ec960b1218c6,28.0,,['elisa'],5aa35456880e87b3f32ddf7c,52.5,069415c7-5299-4dd3-a548-e201d5fa7c81
105559,e76771d1-f679-40dd-ba3b-abe0335432c9,0.0,,bench,2018-05-16T00:00:11.090Z,kgs,0.0,9,e76771d1-f679-40dd-ba3b-abe0335432c9,34.0,,['elisa'],5aa35456880e87b3f32ddf7c,40.5,c1d046a3-bf4e-4ba8-a43a-2568a3b21620
105774,e7dee29c-d31d-4f9c-b1cd-464b00d5f095,0.0,,bench,2018-05-18T01:20:13.673Z,kgs,0.0,6.5,e7dee29c-d31d-4f9c-b1cd-464b00d5f095,38.0,,['harr'],5aa35456880e87b3f32ddf7c,65,069415c7-5299-4dd3-a548-e201d5fa7c81
106051,e871377c-b8ab-4f76-80f0-5af69c7fd2a2,0.0,,bench,2018-05-19T15:49:25.149Z,kgs,0.0,< 5.5,e871377c-b8ab-4f76-80f0-5af69c7fd2a2,28.0,,"['matt', '5 rpe']",5aa35456880e87b3f32ddf7c,97.5,870ca10a-1f71-4cbf-a3f8-6ef0f0cc56c1
106365,e90bfacf-1701-4f30-96e7-024baca0cf96,0.0,,squat,2018-05-12T12:05:47.359Z,kgs,0.0,6,e90bfacf-1701-4f30-96e7-024baca0cf96,1.0,,['harr'],5aa35456880e87b3f32ddf7c,95,ac1ca1f7-552e-4350-a77d-9ee0287d5aa2
106394,e9184b09-48ad-4447-a74e-44a8dfcb923a,0.0,,bench,2018-05-17T23:42:44.532Z,kgs,0.0,10,e9184b09-48ad-4447-a74e-44a8dfcb923a,23.0,,"['chase', 'disconnected ']",5aa35456880e87b3f32ddf7c,90,069415c7-5299-4dd3-a548-e201d5fa7c81
106414,e9209696-d9c2-48ce-a8d8-c09b71ce2b5b,0.0,,squat,2018-05-12T13:01:34.485Z,kgs,0.0,9.5,e9209696-d9c2-48ce-a8d8-c09b71ce2b5b,6.0,,['harr'],5aa35456880e87b3f32ddf7c,120,ac1ca1f7-552e-4350-a77d-9ee0287d5aa2
106582,e9808fcd-b3a4-43b6-ab0e-21044e9a37f5,0.0,,bench ,2018-05-25T01:11:18.381Z,kgs,0.0,10,e9808fcd-b3a4-43b6-ab0e-21044e9a37f5,27.0,,"['mimi ', 'failed rep3 of 5']",5aa35456880e87b3f32ddf7c,47.5,7e166282-3e2e-4b31-b419-8f70734fc65e
107404,eb3c5307-2433-4b48-a514-2cb92d0b1ddc,0.0,,bench,2018-05-15T23:41:22.694Z,kgs,0.0,< 5.5,eb3c5307-2433-4b48-a514-2cb92d0b1ddc,27.0,,"['matt', '5 rpe']",5aa35456880e87b3f32ddf7c,71,c1d046a3-bf4e-4ba8-a43a-2568a3b21620
107690,ebe3300d-e001-42ab-a18a-e4918ba42a14,0.0,,bench,2018-05-18T18:54:02.642Z,kgs,0.0,< 5.5,ebe3300d-e001-42ab-a18a-e4918ba42a14,7.0,,"['adam', '5 rpe']",5aa35456880e87b3f32ddf7c,72.5,f9beacc0-676b-49f5-8f0b-e5b397918574
107763,ec063fa1-8b59-456a-b497-7683ebd6754f,0.0,,squat,2018-05-14T23:28:47.165Z,kgs,0.0,8,ec063fa1-8b59-456a-b497-7683ebd6754f,4.0,,['mimi'],5aa35456880e87b3f32ddf7c,81.5,8ece7813-09a3-4117-bcae-c1487e37dfb4
107825,ec2cc77f-1704-467e-9ee8-df92f98da412,0.0,,squat,2018-05-18T00:30:24.120Z,kgs,0.0,< 5.5,ec2cc77f-1704-467e-9ee8-df92f98da412,31.0,,"['harr', '5.5 rpe']",5aa35456880e87b3f32ddf7c,105,069415c7-5299-4dd3-a548-e201d5fa7c81
108104,ecc81af3-e2e4-48bf-8d88-15d6df3c0ce9,0.0,,squat,2018-05-17T21:58:23.222Z,kgs,0.0,< 5.5,ecc81af3-e2e4-48bf-8d88-15d6df3c0ce9,1.0,,"['elisa', '5 rpe']",5aa35456880e87b3f32ddf7c,75,069415c7-5299-4dd3-a548-e201d5fa7c81
108159,ece8ed9e-ffd1-486f-b198-565b7ed451ec,0.0,,bench,2018-05-13T19:40:21.605Z,kgs,0.0,6,ece8ed9e-ffd1-486f-b198-565b7ed451ec,10.0,,['chase'],5aa35456880e87b3f32ddf7c,70,5fbdf0dd-adc7-4221-9ced-8514e5ee9d04
108211,ed035720-0041-4fe9-be73-96be97595155,0.0,,bench,2018-05-11T02:27:18.403Z,kgs,1.0,,ed035720-0041-4fe9-be73-96be97595155,23.0,,"['harr', 'failed without single rep']",5aa35456880e87b3f32ddf7c,82.5,0731b594-a678-4294-9b68-9285f8a1f0a5
108754,ee34769f-a765-4622-b2d3-ce07ce8e0700,0.0,,bench,2018-05-15T23:43:30.922Z,kgs,0.0,7,ee34769f-a765-4622-b2d3-ce07ce8e0700,28.0,,['elisa'],5aa35456880e87b3f32ddf7c,36.5,c1d046a3-bf4e-4ba8-a43a-2568a3b21620
109060,eee2b2da-bd27-4059-8bdb-e7042873e9bc,0.0,,bench,2018-05-23T00:19:16.746Z,kgs,0.0,6,eee2b2da-bd27-4059-8bdb-e7042873e9bc,13.0,,['matt'],5aa35456880e87b3f32ddf7c,90,0e6dd975-b54d-4e4d-ab2f-d240105f4697
109076,eeeab6c4-64b8-4363-a823-482b35b31a1b,0.0,,bench,2018-05-18T19:40:27.064Z,kgs,0.0,9,eeeab6c4-64b8-4363-a823-482b35b31a1b,13.0,,['adam'],5aa35456880e87b3f32ddf7c,87.5,f9beacc0-676b-49f5-8f0b-e5b397918574
109131,ef086dce-55da-4306-90ed-0cdf59b2d5d0,0.0,,squat,2018-05-10T00:31:29.693Z,kgs,0.0,< 5.5,ef086dce-55da-4306-90ed-0cdf59b2d5d0,3.0,,[],58ace5bd6ca711fcd8cb7b39,145,1b9a1147-0192-4db3-ae90-e15fc0cdafbe
109392,ef9b1239-f156-4ddd-92a5-3b9e1cd3e037,0.0,,squat,2018-05-17T22:25:55.516Z,kgs,0.0,6.5,ef9b1239-f156-4ddd-92a5-3b9e1cd3e037,4.0,,['elisa'],5aa35456880e87b3f32ddf7c,83,069415c7-5299-4dd3-a548-e201d5fa7c81
109413,efa5b98a-7390-408b-8d54-5bfa6801f227,0.0,,squat,2018-05-19T15:47:32.635Z,kgs,0.0,6,efa5b98a-7390-408b-8d54-5bfa6801f227,27.0,,['elisa'],5aa35456880e87b3f32ddf7c,78,870ca10a-1f71-4cbf-a3f8-6ef0f0cc56c1
109587,f0002ae0-d8fe-4bee-adc3-9c939f238352,0.0,,squat,2018-05-14T23:07:23.371Z,kgs,0.0,6,f0002ae0-d8fe-4bee-adc3-9c939f238352,2.0,,['mimi'],5aa35456880e87b3f32ddf7c,72.5,8ece7813-09a3-4117-bcae-c1487e37dfb4
109732,f058d52d-5001-469d-92ca-99e86796e91f,0.0,,squat,2018-05-09T00:59:10.053Z,kgs,0.0,9.5,f058d52d-5001-469d-92ca-99e86796e91f,6.0,,['harr'],5aa35456880e87b3f32ddf7c,120,b7248c31-b8e1-4d51-9201-536ac8536e73
110505,f2100f99-60a6-4520-9903-c7cefa02535d,1.0,,bench,2018-05-08T23:11:37.313Z,kgs,1.0,,f2100f99-60a6-4520-9903-c7cefa02535d,2.0,,['elisa'],5aa35456880e87b3f32ddf7c,38,01aff772-84bf-4a7b-8bb4-17863086714a
110612,f245b477-301d-44b0-b161-3360fec1f916,0.0,,squat,2018-05-09T00:45:11.952Z,kgs,0.0,8.5,f245b477-301d-44b0-b161-3360fec1f916,5.0,,['harr'],5aa35456880e87b3f32ddf7c,110,b7248c31-b8e1-4d51-9201-536ac8536e73
110702,f27ade47-667b-493d-8819-8b7f23838384,0.0,,bench,2018-05-26T16:42:16.854Z,kgs,0.0,< 5.5,f27ade47-667b-493d-8819-8b7f23838384,5.0,,"['matt', '5 rpe']",5aa35456880e87b3f32ddf7c,97.5,c4febac1-c026-4828-950a-d5c377810f42
110942,f30c64c8-d95e-4d8e-a49f-d95c88640abc,0.0,,bench,2018-05-18T01:28:32.943Z,kgs,0.0,7,f30c64c8-d95e-4d8e-a49f-d95c88640abc,40.0,,['harr'],5aa35456880e87b3f32ddf7c,70,069415c7-5299-4dd3-a548-e201d5fa7c81
111186,f39f0464-04c5-4de6-8db4-a77b4b6c5418,0.0,,squat,2018-05-19T14:48:02.555Z,kgs,0.0,9.5,f39f0464-04c5-4de6-8db4-a77b4b6c5418,6.0,,['harr'],5aa35456880e87b3f32ddf7c,115,870ca10a-1f71-4cbf-a3f8-6ef0f0cc56c1
111263,f3cceb92-c0fb-4072-86ad-2b61fd5e7c50,0.0,,squat ,2018-05-26T15:30:33.235Z,lbs,,,f3cceb92-c0fb-4072-86ad-2b61fd5e7c50,1.0,,['matt'],5aa35456880e87b3f32ddf7c,145,ec16e6cb-29c1-4e2b-8235-cbd36efac63b
111589,f4797057-68e6-4e56-bccd-7603a2d6356d,0.0,,squat,2018-05-12T15:24:00.943Z,kgs,0.0,8,f4797057-68e6-4e56-bccd-7603a2d6356d,3.0,,['mimi'],5aa35456880e87b3f32ddf7c,67.5,bafb2bf6-d950-4ac8-a254-42f60e9eebe4
111596,f47cd591-4ae4-40d8-b91e-23c9aab7539c,0.0,,squat,2018-05-11T00:37:02.182Z,kgs,0.0,6,f47cd591-4ae4-40d8-b91e-23c9aab7539c,7.0,,['harr'],5aa35456880e87b3f32ddf7c,100,0731b594-a678-4294-9b68-9285f8a1f0a5
111650,f49c43d1-daa7-40f6-a5c3-40c0d06323dd,0.0,,squat,2018-05-15T22:28:33.451Z,kgs,0.0,< 5.5,f49c43d1-daa7-40f6-a5c3-40c0d06323dd,7.0,,['matt'],5aa35456880e87b3f32ddf7c,125,c1d046a3-bf4e-4ba8-a43a-2568a3b21620
111687,f4b50b34-e62b-4db0-8a4b-fd7c2d58badb,0.0,,squat,2018-05-18T00:36:12.290Z,kgs,0.0,7.5,f4b50b34-e62b-4db0-8a4b-fd7c2d58badb,33.0,,['harr'],5aa35456880e87b3f32ddf7c,115,069415c7-5299-4dd3-a548-e201d5fa7c81
111847,f514fcc9-8b4b-4dc9-b70f-061737fa8f11,0.0,,bench,2018-05-18T19:13:31.549Z,kgs,0.0,7,f514fcc9-8b4b-4dc9-b70f-061737fa8f11,10.0,,['adam'],5aa35456880e87b3f32ddf7c,80,f9beacc0-676b-49f5-8f0b-e5b397918574
112074,f593ddf3-fc78-43c0-a43c-3ccec0d67a8e,0.0,,squat,2018-05-16T16:02:09.148Z,kgs,0.0,< 5.5,f593ddf3-fc78-43c0-a43c-3ccec0d67a8e,3.0,,"['adam', '5.5 rpe']",5aa35456880e87b3f32ddf7c,72.5,21b51e5a-6a80-48d8-827b-b2309f4cd405
112158,f5c134ac-afe3-4210-b27b-e187f53e47ce,0.0,,squat,2018-05-26T15:32:50.973Z,kgs,0.0,< 5.5,f5c134ac-afe3-4210-b27b-e187f53e47ce,2.0,,"['matt', '5 rpe']",5aa35456880e87b3f32ddf7c,145,ec16e6cb-29c1-4e2b-8235-cbd36efac63b
112585,f6a0f1e2-35be-415d-ae8d-95424c2c8bce,0.0,,squat,2018-05-18T00:51:29.723Z,kgs,0.0,9,f6a0f1e2-35be-415d-ae8d-95424c2c8bce,35.0,,['harr'],5aa35456880e87b3f32ddf7c,125,069415c7-5299-4dd3-a548-e201d5fa7c81
112678,f6dcf9a5-a7f4-4990-850f-7364fd59591e,0.0,,squat,2018-05-13T18:42:01.745Z,kgs,0.0,7.5,f6dcf9a5-a7f4-4990-850f-7364fd59591e,4.0,,['chase'],5aa35456880e87b3f32ddf7c,120,5fbdf0dd-adc7-4221-9ced-8514e5ee9d04
112850,f734962a-7c82-4cb8-969b-fe102a4ff999,0.0,,bench,2018-05-19T15:20:18.389Z,kgs,0.0,8,f734962a-7c82-4cb8-969b-fe102a4ff999,16.0,,['harr'],5aa35456880e87b3f32ddf7c,67.5,870ca10a-1f71-4cbf-a3f8-6ef0f0cc56c1
112856,f73896c3-3d5f-4541-90b1-f10b38be8c29,0.0,,bench,2018-05-10T23:21:49.671Z,kgs,0.0,9,f73896c3-3d5f-4541-90b1-f10b38be8c29,10.0,,['elisa'],5aa35456880e87b3f32ddf7c,48,0ebb7ef9-06c9-4a3f-aee6-45c16d65e3f5
112879,f743b6cd-3558-4e2c-bd42-085adf563451,0.0,,bench,2018-05-26T19:12:03.009Z,kgs,0.0,< 5.5,f743b6cd-3558-4e2c-bd42-085adf563451,5.0,,"['chase', '5.5 rpe']",5aa35456880e87b3f32ddf7c,79,a652b098-c05c-4b3f-bb8e-ad5042879f73
113363,f85b9135-80c5-4be9-a576-55bda9056c90,0.0,,bench,2018-05-12T14:04:12.529Z,kgs,0.0,10,f85b9135-80c5-4be9-a576-55bda9056c90,14.0,,['harr'],5aa35456880e87b3f32ddf7c,72.5,ac1ca1f7-552e-4350-a77d-9ee0287d5aa2
113635,f8f3df2d-b82c-4849-88ba-4520c5b3ff3c,0.0,,squat,2018-05-26T15:42:46.066Z,kgs,0.0,6.5,f8f3df2d-b82c-4849-88ba-4520c5b3ff3c,1.0,,['matt'],5aa35456880e87b3f32ddf7c,155,c4febac1-c026-4828-950a-d5c377810f42
113971,f9aebfb9-201d-499a-aa1a-f9a2643ebc43,0.0,,squat,2018-05-08T22:32:30.621Z,kgs,0.0,7,f9aebfb9-201d-499a-aa1a-f9a2643ebc43,9.0,,['elisa'],58ace5bd6ca711fcd8cb7b39,72.5,dc7cace1-274d-487c-ba35-7bc957b7097b
114233,fa378e5b-7ff7-4d4d-bdd8-faef45cf8de1,0.0,,bench,2018-05-17T23:55:50.074Z,kgs,0.0,9.5,fa378e5b-7ff7-4d4d-bdd8-faef45cf8de1,27.0,,['elisa'],5aa35456880e87b3f32ddf7c,50,069415c7-5299-4dd3-a548-e201d5fa7c81
114244,fa3a619e-f656-48b7-9f29-fb2bdfc0e99c,0.0,,bench,2018-05-19T15:36:17.520Z,kgs,0.0,9,fa3a619e-f656-48b7-9f29-fb2bdfc0e99c,23.0,,['harr'],5aa35456880e87b3f32ddf7c,72.5,870ca10a-1f71-4cbf-a3f8-6ef0f0cc56c1
114245,fa3a8650-2f1e-4826-91ec-955072d7a835,0.0,,squat,2018-05-17T23:09:16.434Z,kgs,0.0,9.5,fa3a8650-2f1e-4826-91ec-955072d7a835,15.0,,['matt'],5aa35456880e87b3f32ddf7c,185,069415c7-5299-4dd3-a548-e201d5fa7c81
114412,fa94405b-21e9-40b0-a673-b9da7ec8159b,0.0,,bench,2018-05-10T23:28:09.719Z,kgs,0.0,9.5,fa94405b-21e9-40b0-a673-b9da7ec8159b,11.0,,['elisa'],5aa35456880e87b3f32ddf7c,50,0ebb7ef9-06c9-4a3f-aee6-45c16d65e3f5
115169,fc2dca11-78f1-402d-b647-871b86b68c27,0.0,,bench,2018-05-11T01:50:28.212Z,kgs,0.0,< 5.5,fc2dca11-78f1-402d-b647-871b86b68c27,16.0,,"['harr', '5 rpe']",5aa35456880e87b3f32ddf7c,65,0731b594-a678-4294-9b68-9285f8a1f0a5
115406,fcb9de3e-7b57-41d4-9b59-8391495c8501,0.0,,squat,2018-05-24T23:49:58.098Z,kgs,0.0,9,fcb9de3e-7b57-41d4-9b59-8391495c8501,12.0,,['mimi'],5aa35456880e87b3f32ddf7c,95,7e166282-3e2e-4b31-b419-8f70734fc65e
115469,fce11a80-67fb-4bf8-90d1-1f7cfff746d4,0.0,,bench,2018-05-18T01:34:41.778Z,kgs,0.0,8,fce11a80-67fb-4bf8-90d1-1f7cfff746d4,41.0,,['harr'],5aa35456880e87b3f32ddf7c,72.5,069415c7-5299-4dd3-a548-e201d5fa7c81
115716,fd676d1c-bd01-4142-8b9a-f5239f19fcc1,0.0,,bench,2018-05-23T01:23:33.660Z,kgs,0.0,10,fd676d1c-bd01-4142-8b9a-f5239f19fcc1,28.0,,['mimi'],5aa35456880e87b3f32ddf7c,50,0e6dd975-b54d-4e4d-ab2f-d240105f4697
115882,fdcc8a50-f823-4576-8cc3-64a9823a9125,0.0,,bench ,2018-05-25T01:09:44.754Z,kgs,0.0,8.5,fdcc8a50-f823-4576-8cc3-64a9823a9125,26.0,,['mimi'],5aa35456880e87b3f32ddf7c,45,7e166282-3e2e-4b31-b419-8f70734fc65e
116615,ff5870f9-724f-41f1-b22d-a5775740e6be,0.0,,bench,2018-05-12T13:44:48.863Z,kgs,0.0,7,ff5870f9-724f-41f1-b22d-a5775740e6be,11.0,,['harr'],5aa35456880e87b3f32ddf7c,65,ac1ca1f7-552e-4350-a77d-9ee0287d5aa2
